HAT_KODU,HAT_ADI,TAM_HAT_ADI,HAT_DURUMU,BOLGE,SEFER_SURESI
1,KİRAZLITEPE - ACIBADEM - KADIKÖY,1/KİRAZLITEPE - ACIBADEM - KADIKÖY,1,Anadolu1,47.29
10,Ü.EĞT.ARŞ.HASTANESİ - ATAŞEHİR / BOSTANCI,10/Ü.EĞT.ARŞ.HASTANESİ - ATAŞEHİR / BOSTANCI,1,Anadolu1,87.44
10A,ESATPAŞA - YEDİTEPE ÜNİVERSİTESİ / FERHATPAŞA,10A/ESATPAŞA - YEDİTEPE ÜNİVERSİTESİ / FERHATPAŞA,1,Anadolu1,88.03
10B,BOSTANCI - KADIKÖY,10B/BOSTANCI - KADIKÖY,1,Anadolu1,53.09
10E,ESATPAŞA - KADIKÖY,10E/ESATPAŞA - KADIKÖY,1,Anadolu1,57.64
10G,ÜMRANİYE / ESATPAŞA - SÖĞÜTLÜÇEŞME METROBÜS,10G/ÜMRANİYE / ESATPAŞA - SÖĞÜTLÜÇEŞME METROBÜS,1,Anadolu1,76.17
11,YENİDOĞAN - ALTUNİZADE METROBÜS,11/YENİDOĞAN - ALTUNİZADE METROBÜS,1,Anadolu2,105.07
11A,ALEMDAĞ - ALTUNİZADE METROBÜS,11A/ALEMDAĞ - ALTUNİZADE METROBÜS,1,Anadolu2,193.97
11BE,BURHANİYE MAHALLESİ - ÜSKÜDAR,11BE/BURHANİYE MAHALLESİ - ÜSKÜDAR,1,Anadolu1,56.76
11C,EMNİYET MAHALLESİ - ÜSKÜDAR,11C/EMNİYET MAHALLESİ - ÜSKÜDAR,1,Anadolu1,54.41
11ÇB,KAVACIK / ÇAVUŞBAŞI - ÜMRANİYE,11ÇB/KAVACIK / ÇAVUŞBAŞI - ÜMRANİYE,1,Anadolu1,124.12
11CÜ,EMNİYET MAHALLESİ- ÜMRANİYE METRO/RİNG,11CÜ/EMNİYET MAHALLESİ- ÜMRANİYE METRO/RİNG,1,Anadolu1,43.4
11D,İNKILAP MAHALLESİ - ÜSKÜDAR,11D/İNKILAP MAHALLESİ - ÜSKÜDAR,1,Anadolu1,79.53
11E,ESATPAŞA - ÜSKÜDAR ,11E/ESATPAŞA - ÜSKÜDAR,1,Anadolu1,69.79
11ES,ESENEVLER - ACIBADEM METROBÜS / ÜSKÜDAR,11ES/ESENEVLER - ACIBADEM METROBÜS / ÜSKÜDAR,1,Anadolu1,68.54
11G,YENİDOĞAN - NECİP FAZIL METRO,11G/YENİDOĞAN - NECİP FAZIL METRO,1,Anadolu2,61.05
11H,ORTAÇEŞME - ÜMRANİYE,11H/ORTAÇEŞME - ÜMRANİYE,1,Anadolu1,130.47
11K,KAZIM KARABEKİR MAHALLESİ - ÜSKÜDAR,11K/KAZIM KARABEKİR MAHALLESİ - ÜSKÜDAR,1,Anadolu1,79.92
11L,ESATPAŞA / BULGURLU - ÜSKÜDAR ,11L/ESATPAŞA / BULGURLU - ÜSKÜDAR,1,Anadolu1,58.37
11M,MUSTAFA KEMAL MAHALLESİ - ÜSKÜDAR,11M/MUSTAFA KEMAL MAHALLESİ - ÜSKÜDAR,1,Anadolu1,98.6
11N,ESENEVLER - ÜSKÜDAR ,11N/ESENEVLER - ÜSKÜDAR,1,Anadolu1,58.05
11P,EMEK MAHALLESİ - ÜSKÜDAR ,11P/EMEK MAHALLESİ - ÜSKÜDAR,1,Anadolu2,128.41
11R,REŞADİYE - NECİP FAZIL METRO,11R/REŞADİYE - NECİP FAZIL METRO,1,Anadolu2,80.88
11SA,UĞUR MUMCU / SAMANDIRA - NECİP FAZIL METRO,11SA/UĞUR MUMCU / SAMANDIRA - NECİP FAZIL METRO,1,Anadolu2,88.95
11ST,DUMLUPINAR - ÜSKÜDAR ,11ST/DUMLUPINAR - ÜSKÜDAR,1,Anadolu1,78.42
11T,TÜRKİŞ BLOKLARI - HAREM,11T/TÜRKİŞ BLOKLARI - HAREM,1,Anadolu1,108.19
11Ü,ESATPAŞA / ÜNALAN - ÜSKÜDAR ,11Ü/ESATPAŞA / ÜNALAN - ÜSKÜDAR,1,Anadolu1,69.05
11ÜS,SULTANBEYLİ - ÜSKÜDAR ,11ÜS/SULTANBEYLİ - ÜSKÜDAR,1,Anadolu2,168.08
11V,VEYSEL KARANİ - ALTUNİZADE METROBÜS ,11V/VEYSEL KARANİ - ALTUNİZADE METROBÜS,1,Anadolu2,129.33
11Y,YAVUZTÜRK MAHALLESİ - ÜSKÜDAR,11Y/YAVUZTÜRK MAHALLESİ - ÜSKÜDAR,1,Anadolu1,59.15
12,KADIKÖY - ÜSKÜDAR,12/KADIKÖY - ÜSKÜDAR,1,Anadolu1,23.24
121A,BEYKOZ - MECİDİYEKÖY,121A/BEYKOZ - MECİDİYEKÖY,1,Anadolu1,123.94
121B,KAVACIK - MECİDİYEKÖY,121B/KAVACIK - MECİDİYEKÖY,1,Anadolu1,60.42
121BS,SULTANİYE / SOĞUKSU MAHALLESİ - MECİDİYEKÖY,121BS/SULTANİYE / SOĞUKSU MAHALLESİ - MECİDİYEKÖY,1,Anadolu1,94.1
122C,TEPEÜSTÜ - MECİDİYEKÖY,122C/TEPEÜSTÜ - MECİDİYEKÖY,1,Anadolu1,100.25
122ÇK,ŞAHİNBEY - KAVACIK,122ÇK/ŞAHİNBEY - KAVACIK,1,Anadolu2,90.82
122D,ATATÜRK MAHALLESİ - MECİDİYEKÖY,122D/ATATÜRK MAHALLESİ - MECİDİYEKÖY,1,Anadolu2,159.11
122H,S.GÖKÇEN HAVALİMANI / YENİŞEHİR - 4.LEVENT METRO,122H/S.GÖKÇEN HAVALİMANI / YENİŞEHİR - 4.LEVENT METRO,1,Anadolu2,244.15
122M,ŞAHİNBEY - MECİDİYEKÖY,122M/ŞAHİNBEY - MECİDİYEKÖY,1,Anadolu2,139.09
122V,VEYSEL KARANİ - 4.LEVENT METRO,122V/VEYSEL KARANİ - 4.LEVENT METRO,1,Anadolu2,184.4
122Y,ÇEKMEKÖY - MECİDİYEKÖY ,122Y/ÇEKMEKÖY - MECİDİYEKÖY,1,Anadolu2,234.38
129L,KOZYATAĞI - 4.LEVENT METRO,129L/KOZYATAĞI - 4.LEVENT METRO,1,Anadolu1,124.54
129T,BOSTANCI - TAKSİM,129T/BOSTANCI - TAKSİM,1,Anadolu1,105.75
12A,KADIKÖY - ÜSKÜDAR,12A/KADIKÖY - ÜSKÜDAR,1,Anadolu1,35.46
12C,ÜSKÜDAR DEVLET HASTANESİ - ÜSKÜDAR ,12C/ÜSKÜDAR DEVLET HASTANESİ - ÜSKÜDAR,1,Anadolu1,29.81
13,ATAŞEHİR / ÇAKMAK MAHALLESİ - KADIKÖY,13/ATAŞEHİR / ÇAKMAK MAHALLESİ - KADIKÖY,1,Anadolu1,110.24
130A,DENİZ HARP OKULU - KADIKÖY ,130A/DENİZ HARP OKULU - KADIKÖY,1,Anadolu2,201.61
130E,TUZLA / EVORA KONUTLARI - KARTAL METRO / CEVİZLİ,130E/TUZLA / EVORA KONUTLARI - KARTAL METRO / CEVİZLİ,1,Anadolu2,169.03
130H,DENİZ HARP OKULU - SABİHA GÖKÇEN HAVALİMANI,130H/DENİZ HARP OKULU - SABİHA GÖKÇEN HAVALİMANI,1,Anadolu2,168.38
130Ş,ŞİFA MAHALLESİ - KADIKÖY,130Ş/ŞİFA MAHALLESİ - KADIKÖY,1,Anadolu2,204.02
130ŞT,ŞİFA MAHALLESİ - TAVŞANTEPE METRO,130ŞT/ŞİFA MAHALLESİ - TAVŞANTEPE METRO,1,Anadolu2,80.83
130T,AYDINLI TOKİ KONUTLARI - TUZLA,130T/AYDINLI TOKİ KONUTLARI - TUZLA,1,Anadolu2,87.76
131,SULTANBEYLİ - ÜMRANİYE ,131/SULTANBEYLİ - ÜMRANİYE,1,Anadolu2,126.21
131A,AHMET YESEVİ MAHALLESİ - ÜMRANİYE ,131A/AHMET YESEVİ MAHALLESİ - ÜMRANİYE,1,Anadolu2,122.15
131B,MİMAR SİNAN MAHALLESİ - ÜMRANİYE  ,131B/MİMAR SİNAN MAHALLESİ - ÜMRANİYE,1,Anadolu2,138.8
131C,SABİHA GÖKÇEN H.L./SULTANBEYLİ - NECİP FAZIL METRO,131C/SABİHA GÖKÇEN H.L./SULTANBEYLİ - NECİP FAZIL METRO,1,Anadolu2,121.85
131H,HİLAL KONUTLARI - TEPEÜSTÜ,131H/HİLAL KONUTLARI - TEPEÜSTÜ,1,Anadolu2,127.73
131K,YEŞİLTEPE / ŞAHİNBEY - KARTAL ,131K/YEŞİLTEPE / ŞAHİNBEY - KARTAL,1,Anadolu2,138.81
131SB,SULTANBEYLİ MERKEZ-SULTANBEYLİ YENİ DEVLET HAST.,131SB/SULTANBEYLİ MERKEZ-SULTANBEYLİ YENİ DEVLET HAST.,1,Anadolu2,91.81
131T,ATATÜRK MAH./ TAŞDELEN - İMES/ ÜMRANİYE,131T/ATATÜRK MAH./ TAŞDELEN - İMES/ ÜMRANİYE,1,Anadolu2,113.33
131TD,TAŞDELEN - ÜMRANİYE,131TD/TAŞDELEN - ÜMRANİYE,1,Anadolu2,114.37
131Ü,SULTANBEYLİ ORMAN CADDESİ - ÜMRANİYE ,131Ü/SULTANBEYLİ ORMAN CADDESİ - ÜMRANİYE,1,Anadolu2,132.37
131V,VEYSEL KARANİ - YAKACIK / KARTAL,131V/VEYSEL KARANİ - YAKACIK / KARTAL,1,Anadolu2,110.77
131Y,ÇEKMEKÖY/SAMANDIRA-KARTAL  ,131Y/ÇEKMEKÖY/SAMANDIRA-KARTAL,1,Anadolu2,131.75
131YS,SULTANBEYLİ DEVLET HASTANESİ - YENİDOĞAN - ÜMRANİYE,131YS/SULTANBEYLİ DEVLET HASTANESİ - YENİDOĞAN - ÜMRANİYE,1,Anadolu2,121.96
132,AKFIRAT / TEPEÖREN - KARTAL,132/AKFIRAT / TEPEÖREN - KARTAL,1,Anadolu2,138.1
132A,ÇAMLIK MAHALLESİ - KARTAL,132A/ÇAMLIK MAHALLESİ - KARTAL,1,Anadolu2,95.5
132B,AKFIRAT EVLERİ - KARTAL METRO,132B/AKFIRAT EVLERİ - KARTAL METRO,1,Anadolu2,165.16
132C,SULTANBEYLİ GÖLET - KARTAL,132C/SULTANBEYLİ GÖLET - KARTAL,1,Anadolu2,113.71
132ÇK,ÇEKMEKÖY - KARTAL ,132ÇK/ÇEKMEKÖY - KARTAL,1,Anadolu2,163.63
132D,KURTDOĞMUŞ / BALLICA - KARTAL,132D/KURTDOĞMUŞ / BALLICA - KARTAL,1,Anadolu2,187.89
132E,EMİRLİ / KURNAKÖY - KARTAL,132E/EMİRLİ / KURNAKÖY - KARTAL,1,Anadolu2,139.8
132F,ESENLER - TAVŞANTEPE METRO/ KARTAL,132F/ESENLER - TAVŞANTEPE METRO/ KARTAL,1,Anadolu2,82.21
132G,GÖZDAĞI - PENDİK YHT/PENDİK,132G/GÖZDAĞI - PENDİK YHT/PENDİK,1,Anadolu2,43.56
132H,PENDİK/PENDİK YHT - SABİHA GÖKÇEN HAVALİMANI,132H/PENDİK/PENDİK YHT - SABİHA GÖKÇEN HAVALİMANI,1,Anadolu2,83.6
132K,YENİŞEHİR - KARTAL,132K/YENİŞEHİR - KARTAL,1,Anadolu2,132.03
132M,SULTANBEYLİ MİMARSİNAN - KARTAL METRO / CEVİZLİ,132M/SULTANBEYLİ MİMARSİNAN - KARTAL METRO / CEVİZLİ,1,Anadolu2,137.8
132N,NİŞANTEPE / BÜYÜKBAKKALKÖY - KARTAL,132N/NİŞANTEPE / BÜYÜKBAKKALKÖY - KARTAL,1,Anadolu2,136.76
132P,VEYSEL KARANİ / SULTANBEYLİ - KARTAL,132P/VEYSEL KARANİ / SULTANBEYLİ - KARTAL,1,Anadolu2,150.86
132S,YENİDOĞAN - KARTAL ,132S/YENİDOĞAN - KARTAL,1,Anadolu2,118.58
132SB,SULTANBEYLİ DEVLET HAST.- MARMARA ÜNİV. BAŞIBÜYÜK KAMPÜSÜ,132SB/SULTANBEYLİ DEVLET HAST.- MARMARA ÜNİV. BAŞIBÜYÜK KAMPÜSÜ,1,Anadolu2,135.32
132T,TEPEÖREN - KARTAL METRO,132T/TEPEÖREN - KARTAL METRO,1,Anadolu2,106.95
132V,YENİDOĞAN / SULTANBEYLİ DEVLET HAST. - PENDİK YHT,132V/YENİDOĞAN / SULTANBEYLİ DEVLET HAST. - PENDİK YHT,1,Anadolu2,161.83
132Y,HİLAL KONUTLARI / YAYALAR - KARTAL METRO,132Y/HİLAL KONUTLARI / YAYALAR - KARTAL METRO,1,Anadolu2,74.53
132YB,YENİDOĞAN - MARMARA ÜNİVERSİTESİ BAŞIBÜYÜK KAMPÜSÜ,132YB/YENİDOĞAN - MARMARA ÜNİVERSİTESİ BAŞIBÜYÜK KAMPÜSÜ,1,Anadolu2,118.67
132YM,YEŞİLTEPE-MARMARA EĞİTİM KÖYÜ,132YM/YEŞİLTEPE-MARMARA EĞİTİM KÖYÜ,1,Anadolu2,118.88
132Z,SULTANBEYLİ UZUNDERE - KARTAL,132Z/SULTANBEYLİ UZUNDERE - KARTAL,1,Anadolu2,120.11
133A,AYDINLI BAHÇELER - KARTAL,133A/AYDINLI BAHÇELER - KARTAL,1,Anadolu2,114.85
133AK,TEPEÖREN - KARTAL,133AK/TEPEÖREN - KARTAL,1,Anadolu2,111.77
133F,ACARLAR SİTESİ - MALTEPE / CEVİZLİ PERONLAR,133F/ACARLAR SİTESİ - MALTEPE / CEVİZLİ PERONLAR,1,Anadolu1,102.5
133G,GÜLENSU MAHALLESİ - KARTAL,133G/GÜLENSU MAHALLESİ - KARTAL,1,Anadolu1,64.6
133GP,GÖÇBEYLİ - KARTAL,133GP/GÖÇBEYLİ - KARTAL,1,Anadolu2,172.38
133K,KURTKÖY SANAYİ MAHALLESİ / KAVAKPINAR - KARTAL,133K/KURTKÖY SANAYİ MAHALLESİ / KAVAKPINAR - KARTAL,1,Anadolu2,103.64
133KT,AYDINLI TOKİ KONUTLARI - KARTAL,133KT/AYDINLI TOKİ KONUTLARI - KARTAL,1,Anadolu2,93.96
133M,TUZLA ORGANİZE SANAYİ - KAFKALE TUZLA SAHİL,133M/TUZLA ORGANİZE SANAYİ - KAFKALE TUZLA SAHİL,1,Anadolu2,145.44
133N,MALTEPE ÜNİVERSİTESİ - MALTEPE METRO / KARTAL,133N/MALTEPE ÜNİVERSİTESİ - MALTEPE METRO / KARTAL,1,Anadolu1,94.67
133P,TEPEÖREN - TUZLA,133P/TEPEÖREN - TUZLA,1,Anadolu2,101.4
133Ş,ÇAĞDAŞKENT/ ŞEKERPINAR MAH. - KARTAL,133Ş/ÇAĞDAŞKENT/ ŞEKERPINAR MAH. - KARTAL,1,Anadolu2,170.15
133T,DENİZ HARP OKULU-MALTEPE PERONLAR,133T/DENİZ HARP OKULU-MALTEPE PERONLAR,1,Anadolu2,144.12
133TM,MİMARSİNAN MAHALLESİ - TUZLA,133TM/MİMARSİNAN MAHALLESİ - TUZLA,1,Anadolu2,78.22
133Ü,GAZİ BULVARI/ ORHANLI - PENDİK METRO/YHT/PENDİK,133Ü/GAZİ BULVARI/ ORHANLI - PENDİK METRO/YHT/PENDİK,1,Anadolu2,155.54
134,VIAPORT / HİLAL KONUTLARI - KARTAL,134/VIAPORT / HİLAL KONUTLARI - KARTAL,1,Anadolu2,99.43
134CK,VELİBABA KİPTAŞ KONUTLARI / CEZAEVİ - KARTAL,134CK/VELİBABA KİPTAŞ KONUTLARI / CEZAEVİ - KARTAL,1,Anadolu2,53.18
134GK,UĞURMUMCU/ GÜMÜŞPINAR - KARTAL,134GK/UĞURMUMCU/ GÜMÜŞPINAR - KARTAL,1,Anadolu2,50.83
134UK,UĞURMUMCU - KARTAL,134UK/UĞURMUMCU - KARTAL,1,Anadolu2,76.02
134YK,UĞURMUMCU - YAKACIK - KARTAL,134YK/UĞURMUMCU - YAKACIK - KARTAL,1,Anadolu2,80.71
135,POYRAZKÖY - KAVACIK,135/POYRAZKÖY - KAVACIK,1,Anadolu1,118.46
135A,ACARKENT / GÖRELE MAHALLESİ - KAVACIK,135A/ACARKENT / GÖRELE MAHALLESİ - KAVACIK,1,Anadolu1,96.54
135G,TOKATKÖY - ÇAVUŞBAŞI,135G/TOKATKÖY - ÇAVUŞBAŞI,1,Anadolu1,99.46
135K,KARLITEPE - ORTAÇEŞME,135K/KARLITEPE - ORTAÇEŞME,1,Anadolu1,66.74
135T,ARKBOYU - TOKATKÖY,135T/ARKBOYU - TOKATKÖY,1,Anadolu1,83.32
136,DEĞİRMENDERE - KAVACIK,136/DEĞİRMENDERE - KAVACIK,1,Anadolu1,177.67
136B,TÜRK ALMAN ÜNİVERSİTESİ - KAVACIK/HEKİMBAŞI,136B/TÜRK ALMAN ÜNİVERSİTESİ - KAVACIK/HEKİMBAŞI,1,Anadolu1,102.92
136R,RİVA - YENİ RİVA YOLU / KAVACIK,136R/RİVA - YENİ RİVA YOLU / KAVACIK,1,Anadolu1,142.85
136Z,ALİ BAHADIR / ZERZEVAT - KAVACIK,136Z/ALİ BAHADIR / ZERZEVAT - KAVACIK,1,Anadolu1,149.38
137,CUMHURİYET KÖYÜ / RİVA - BEYKOZ / KAVACIK,137/CUMHURİYET KÖYÜ / RİVA - BEYKOZ / KAVACIK,1,Anadolu1,300.21
138,CUMHURİYET KÖYÜ / ÖMERLİ - ÜMRANİYE,138/CUMHURİYET KÖYÜ / ÖMERLİ - ÜMRANİYE,1,Anadolu1,209.76
138B,GÖLLÜ/ÖMERLİ-ÜMRANİYE,138B/GÖLLÜ/ÖMERLİ-ÜMRANİYE,1,Anadolu1,249.39
139,ÜSKÜDAR - ŞİLE,139/ÜSKÜDAR - ŞİLE,1,Anadolu1,322.54
139A,ÜSKÜDAR - ŞİLE / AĞVA,139A/ÜSKÜDAR - ŞİLE / AĞVA,1,Anadolu1,481.56
139D,BEREKET SİTESİ-DARLIK,139D/BEREKET SİTESİ-DARLIK,1,Anadolu1,356.74
139S,ÜSKÜDAR-SOFULAR KÖYÜ,139S/ÜSKÜDAR-SOFULAR KÖYÜ,1,Anadolu1,350.37
139T,TEPEÜSTÜ - ŞİLE,139T/TEPEÜSTÜ - ŞİLE,1,Anadolu1,278.5
13AB,ALTUNİZADE - ATAŞEHİR / BOSTANCI,13AB/ALTUNİZADE - ATAŞEHİR / BOSTANCI,1,Anadolu1,89.87
13B,YENİŞEHİR - KADIKÖY,13B/YENİŞEHİR - KADIKÖY,1,Anadolu1,90.27
13H,EVTAŞ BLOKLARI - ÜMRANİYE METRO / Ü.EĞT.ARŞ.HASTANESİ ,13H/EVTAŞ BLOKLARI - ÜMRANİYE METRO / Ü.EĞT.ARŞ.HASTANESİ,1,Anadolu1,63.43
13M,ŞERİFALİ - ÜSKÜDAR,13M/ŞERİFALİ - ÜSKÜDAR,1,Anadolu1,100.37
13Y,ÇAKMAK MAHALLESİ / YENİSAHRA - KADIKÖY,13Y/ÇAKMAK MAHALLESİ / YENİSAHRA - KADIKÖY,1,Anadolu1,97.36
14,YENİDOĞAN/ ÜMRANİYE - KADIKÖY,14/YENİDOĞAN/ ÜMRANİYE - KADIKÖY,1,Anadolu2,133.63
141A,ATAKENT - MEHMET AKİF ERSOY CADDESİ,141A/ATAKENT - MEHMET AKİF ERSOY CADDESİ,1,Avrupa1,106.68
141K,K.S.S. HASTANESİ - MAHMUTBEY METRO,141K/K.S.S. HASTANESİ - MAHMUTBEY METRO,1,Avrupa1,77.93
141M,K.S.S. HASTANESİ - MECİDİYEKÖY,141M/K.S.S. HASTANESİ - MECİDİYEKÖY,1,Avrupa1,157.61
142,BOĞAZKÖY - AVCILAR METROBÜS,142/BOĞAZKÖY - AVCILAR METROBÜS,1,Avrupa1,91.23
142A,BOĞAZKÖY - AVCILAR METROBÜS,142A/BOĞAZKÖY - AVCILAR METROBÜS,1,Avrupa1,99.16
142B,K.S.S. HASTANESİ - BÜYÜKÇEKMECE,142B/K.S.S. HASTANESİ - BÜYÜKÇEKMECE,1,Avrupa1,157.46
142E,ESENYURT KİPTAŞ 4. ETAP - AKSARAY,142E/ESENYURT KİPTAŞ 4. ETAP - AKSARAY,1,Avrupa1,176.73
142ES,İ.Ü.CERRAHPAŞA KAMPÜS - AVCILAR METROBÜS,142ES/İ.Ü.CERRAHPAŞA KAMPÜS - AVCILAR METROBÜS,1,Avrupa1,116.25
142F,YEŞİLKENT - AVCILAR METROBÜS,142F/YEŞİLKENT - AVCILAR METROBÜS,1,Avrupa1,51.27
142K,ESENYURT KİPTAŞ 4.ETAP - AVCILAR METROBÜS,142K/ESENYURT KİPTAŞ 4.ETAP - AVCILAR METROBÜS,1,Avrupa1,35.45
142T,TÜYAP METROBÜS-K.S.S HASTANESİ,142T/TÜYAP METROBÜS-K.S.S HASTANESİ,1,Avrupa1,101.5
143,KÜÇÜKÇEKMECE - İSTOÇ,143/KÜÇÜKÇEKMECE - İSTOÇ,1,Avrupa1,116.44
144A,DELİKLİKAYA - AVCILAR METROBÜS,144A/DELİKLİKAYA - AVCILAR METROBÜS,1,Avrupa1,109.86
144B,DELİKLİKAYA -YEŞİLBAYIR KÖYÜ- YEŞİLKENT,144B/DELİKLİKAYA -YEŞİLBAYIR KÖYÜ- YEŞİLKENT,1,Avrupa1,142.2
144H,HEYBETLİ SOK./DELİKLİKAYA - HARAMİDERE,144H/HEYBETLİ SOK./DELİKLİKAYA - HARAMİDERE,1,Avrupa1,472.32
144K,HADIMKÖY KİPTAŞ 3. ETAP-ESENKENT,144K/HADIMKÖY KİPTAŞ 3. ETAP-ESENKENT,1,Avrupa1,60.02
144M,DELİKLİKAYA-MAHMUTBEY METRO,144M/DELİKLİKAYA-MAHMUTBEY METRO,1,Avrupa1,153.94
145,İHLAS MARMARA EVLERİ - AVCILAR METROBÜS ,145/İHLAS MARMARA EVLERİ - AVCILAR METROBÜS,1,Avrupa1,70.36
145M,YEŞİLKENT / BEYKENT - TAKSİM,145M/YEŞİLKENT / BEYKENT - TAKSİM,1,Avrupa1,227.09
145T,BEYLİKDÜZÜ - TAKSİM,145T/BEYLİKDÜZÜ - TAKSİM,1,Avrupa1,224.8
146,BOĞAZKÖY / BAHÇEŞEHİR - BAKIRKÖY,146/BOĞAZKÖY / BAHÇEŞEHİR - BAKIRKÖY,1,Avrupa1,162.87
146A,ESENKENT - BİRLİK MAHALLESİ,146A/ESENKENT - BİRLİK MAHALLESİ,1,Avrupa1,120.24
146B,METROKENT-EMİNÖNÜ,146B/METROKENT-EMİNÖNÜ,1,Avrupa1,147.39
146BA,FENERTEPE PERON/BAŞAKŞEHİR-AVCILAR METROBÜS,146BA/FENERTEPE PERON/BAŞAKŞEHİR-AVCILAR METROBÜS,1,Avrupa1,200.32
146F,FENERTEPE PERON/BAŞAKŞEHİR-BAHÇEŞEHİR,146F/FENERTEPE PERON/BAŞAKŞEHİR-BAHÇEŞEHİR,1,Avrupa1,178.67
146K,FENERTEPE PERON - BİRLİK MAHALLESİ,146K/FENERTEPE PERON - BİRLİK MAHALLESİ,1,Avrupa1,125.07
146M,MECİDİYEKÖY - METROKENT,146M/MECİDİYEKÖY - METROKENT,1,Avrupa3,154.9
146T,BOĞAZKÖY / BAHÇEŞEHİR - YENİKAPI,146T/BOĞAZKÖY / BAHÇEŞEHİR - YENİKAPI,1,Avrupa1,183.74
147,ŞAHİNTEPE - AVCILAR CİHANGİR MAHALLESİ,147/ŞAHİNTEPE - AVCILAR CİHANGİR MAHALLESİ,1,Avrupa1,132.89
14A,ALEMDAĞ - KADIKÖY,14A/ALEMDAĞ - KADIKÖY,1,Anadolu2,150.2
14AK,ALEMDAĞ - ZİVERBEY / KADIKÖY,14AK/ALEMDAĞ - ZİVERBEY / KADIKÖY,1,Anadolu2,143.96
14B,ADEM YAVUZ MAHALLESİ - KADIKÖY,14B/ADEM YAVUZ MAHALLESİ - KADIKÖY,1,Anadolu1,98.03
14BK,ÇEKMEKÖY/PARSELLER MAH-KADIKÖY ,14BK/ÇEKMEKÖY/PARSELLER MAH-KADIKÖY,1,Anadolu1,102.09
14C,ÜSKÜDAR DEVLET HASTANESİ - KADIKÖY,14C/ÜSKÜDAR DEVLET HASTANESİ - KADIKÖY,1,Anadolu1,29.95
14CE,ÇEKMEKÖY - KADIKÖY ,14CE/ÇEKMEKÖY - KADIKÖY,1,Anadolu2,123.93
14ÇK,ŞAHİNBEY - KADIKÖY,14ÇK/ŞAHİNBEY - KADIKÖY,1,Anadolu2,113.87
14D,DUMLUPINAR / KAZIMKARABEKİR - KADIKÖY,14D/DUMLUPINAR / KAZIMKARABEKİR - KADIKÖY,1,Anadolu1,78.76
14DK,İNKILAP MAHALLESİ - LİBADİYE CADDESİ / KADIKÖY,14DK/İNKILAP MAHALLESİ - LİBADİYE CADDESİ / KADIKÖY,1,Anadolu1,83.87
14E,KAZIM KARABEKİR - KADIKÖY,14E/KAZIM KARABEKİR - KADIKÖY,1,Anadolu1,75.66
14ES,ESENŞEHİR - KADIKÖY,14ES/ESENŞEHİR - KADIKÖY,1,Anadolu2,125.85
14F,KÜPLÜCE - KADIKÖY,14F/KÜPLÜCE - KADIKÖY,1,Anadolu1,57.68
14FD,FERAH MAHALLESİ - ÜSKÜDAR DEVLET HASTANESİ,14FD/FERAH MAHALLESİ - ÜSKÜDAR DEVLET HASTANESİ,1,Anadolu1,41.27
14K,KAZIM KARABEKİR - KADIKÖY,14K/KAZIM KARABEKİR - KADIKÖY,1,Anadolu1,63.71
14KS,SULTANBEYLİ GÖLET - KOZYATAĞI METRO,14KS/SULTANBEYLİ GÖLET - KOZYATAĞI METRO,1,Anadolu2,126.12
14M,KAVACIK YENİ CAMİ - KADIKÖY,14M/KAVACIK YENİ CAMİ - KADIKÖY,1,Anadolu1,104.76
14R,RASATHANE - KADIKÖY,14R/RASATHANE - KADIKÖY,1,Anadolu1,78.68
14S,SULTANBEYLİ - KOZYATAĞI METRO,14S/SULTANBEYLİ - KOZYATAĞI METRO,1,Anadolu2,137.61
14ŞB,ŞAHİNBEY - KADIKÖY,14ŞB/ŞAHİNBEY - KADIKÖY,1,Anadolu2,121.99
14T,ATATÜRK MAH./ TAŞDELEN - KOZYATAĞI METRO ,14T/ATATÜRK MAH./ TAŞDELEN - KOZYATAĞI METRO,1,Anadolu2,117.5
14TM,TEPEÜSTÜ-MALTEPE METRO/CEVİZLİ PERONLAR,14TM/TEPEÜSTÜ-MALTEPE METRO/CEVİZLİ PERONLAR,1,Anadolu1,112.01
14Y,YAVUZTÜRK MAHALLESİ - KADIKÖY,14Y/YAVUZTÜRK MAHALLESİ - KADIKÖY,1,Anadolu1,55.13
14YE,YAVUZTÜRK MAHALLESİ / ÜMRANİYE - EMEK MAHALLESİ,14YE/YAVUZTÜRK MAHALLESİ / ÜMRANİYE - EMEK MAHALLESİ,1,Anadolu1,89.45
14YK,YENİDOĞAN / ŞİLE YOLU - AYRILIKÇEŞME,14YK/YENİDOĞAN / ŞİLE YOLU - AYRILIKÇEŞME,1,Anadolu2,140.04
15,BEYKOZ - ÜSKÜDAR,15/BEYKOZ - ÜSKÜDAR,1,Anadolu1,101.93
150,HACIOSMAN METRO - RUMELİFENERİ,150/HACIOSMAN METRO - RUMELİFENERİ,1,Avrupa3,103.55
151,HACIOSMAN METRO - KİLYOS / DEMİRCİKÖY,151/HACIOSMAN METRO - KİLYOS / DEMİRCİKÖY,1,Avrupa3,97.07
152,HACIOSMAN METRO - ZEKERİYAKÖY / KISIRKAYA,152/HACIOSMAN METRO - ZEKERİYAKÖY / KISIRKAYA,1,Avrupa3,115.74
153,BAHÇEKÖY - SARIYER,153/BAHÇEKÖY - SARIYER,1,Avrupa3,45.31
154,HACIOSMAN METRO - KOÇ ÜNİVERSİTESİ,154/HACIOSMAN METRO - KOÇ ÜNİVERSİTESİ,1,Avrupa3,64.41
15A,ANADOLUKAVAĞI - KAVACIK,15A/ANADOLUKAVAĞI - KAVACIK,1,Anadolu1,103.37
15B,TOPAĞACI MAHALLESİ / GÜZELTEPE - ÜSKÜDAR,15B/TOPAĞACI MAHALLESİ / GÜZELTEPE - ÜSKÜDAR,1,Anadolu1,69.54
15BK,DERESEKİ / BEYKOZ - KADIKÖY,15BK/DERESEKİ / BEYKOZ - KADIKÖY,1,Anadolu1,174.09
15C,BÜYÜK ÇAMLICA CAMİİ/FERAH MAHALLESİ - ÜSKÜDAR,15C/BÜYÜK ÇAMLICA CAMİİ/FERAH MAHALLESİ - ÜSKÜDAR,1,Anadolu1,40.92
15CA,BÜYÜK ÇAMLICA CAMİİ / BULGURLU METRO - GÖZTEPE KÖPRÜSÜ,15CA/BÜYÜK ÇAMLICA CAMİİ / BULGURLU METRO - GÖZTEPE KÖPRÜSÜ,1,Anadolu1,26.56
15ÇB,KAVACIK - ÇAVUŞBAŞI / ÇENGELDERE,15ÇB/KAVACIK - ÇAVUŞBAŞI / ÇENGELDERE,1,Anadolu1,55.55
15ÇK,GÜZELTEPE - KADIKÖY ,15ÇK/GÜZELTEPE - KADIKÖY,1,Anadolu1,95.71
15D,ANADOLUFENERİ /KAYNARCA / DERESEKİ - KAVACIK,15D/ANADOLUFENERİ /KAYNARCA / DERESEKİ - KAVACIK,1,Anadolu1,128.23
15E,TEKKE MEVKİİ - ÜSKÜDAR,15E/TEKKE MEVKİİ - ÜSKÜDAR,1,Anadolu1,81.91
15F,BEYKOZ - KADIKÖY,15F/BEYKOZ - KADIKÖY,1,Anadolu1,138.14
15H,HEKİMBAŞI - ÜSKÜDAR,15H/HEKİMBAŞI - ÜSKÜDAR,1,Anadolu1,63.07
15K,KİRAZLITEPE - ÜSKÜDAR,15K/KİRAZLITEPE - ÜSKÜDAR,1,Anadolu1,31.52
15KÇ,KARANLIKDERE / ÇAVUŞBAŞI - ÜSKÜDAR,15KÇ/KARANLIKDERE / ÇAVUŞBAŞI - ÜSKÜDAR,1,Anadolu1,132.26
15M,KAVACIK YENİ CAMİ - ÜSKÜDAR,15M/KAVACIK YENİ CAMİ - ÜSKÜDAR,1,Anadolu1,76.86
15N,ARKBOYU - ÜSKÜDAR,15N/ARKBOYU - ÜSKÜDAR,1,Anadolu1,60.15
15P,SOĞUKSU MAHALLESİ - ÜSKÜDAR,15P/SOĞUKSU MAHALLESİ - ÜSKÜDAR,1,Anadolu1,100.42
15R,RASATHANE - ÜSKÜDAR,15R/RASATHANE - ÜSKÜDAR,1,Anadolu1,46.5
15S,SULTANMURAT - ÜSKÜDAR,15S/SULTANMURAT - ÜSKÜDAR,1,Anadolu1,40.4
15SD,SULTANİYE-DUDULLU İMES,15SD/SULTANİYE-DUDULLU İMES,1,Anadolu1,110.45
15SK,SULTANMURAT - KADIKÖY,15SK/SULTANMURAT - KADIKÖY,1,Anadolu1,74.47
15ŞN,ŞENEVLER - ÜSKÜDAR,15ŞN/ŞENEVLER - ÜSKÜDAR,1,Anadolu1,74.58
15T,TOKATKÖY - ÜSKÜDAR,15T/TOKATKÖY - ÜSKÜDAR,1,Anadolu1,105.98
15TA,TÜRK ALMAN ÜNİVERSİTESİ-KAVACIK,15TA/TÜRK ALMAN ÜNİVERSİTESİ-KAVACIK,1,Anadolu1,59.47
15TK,TOKATKÖY-KADIKÖY,15TK/TOKATKÖY-KADIKÖY,1,Anadolu1,163.08
15TY,TOKATKÖY / BEYKOZ - YENİMAHALLE,15TY/TOKATKÖY / BEYKOZ - YENİMAHALLE,1,Anadolu1,95.76
15U,TUFAN MAHALLESİ - ÜSKÜDAR ,15U/TUFAN MAHALLESİ - ÜSKÜDAR,1,Anadolu1,42.26
15Y,YENİMAHALLE - ÜSKÜDAR,15Y/YENİMAHALLE - ÜSKÜDAR,1,Anadolu1,66.38
15YK,YENİMAHALLE - KADIKÖY,15YK/YENİMAHALLE - KADIKÖY,1,Anadolu1,130.28
15Z,GÜZELTEPE - ÜSKÜDAR,15Z/GÜZELTEPE - ÜSKÜDAR,1,Anadolu1,43.59
16,PENDİK - KADIKÖY,16/PENDİK - KADIKÖY,1,Anadolu2,137.17
16A,PENDİK - ÜSKÜDAR,16A/PENDİK - ÜSKÜDAR,1,Anadolu2,155.97
16D,ALTKAYNARCA / PENDİK - KADIKÖY,16D/ALTKAYNARCA / PENDİK - KADIKÖY,1,Anadolu2,142.26
16F,FINDIKLI MAHALLESİ - HAREM,16F/FINDIKLI MAHALLESİ - HAREM,1,Anadolu1,88.36
16KH,YENİŞEHİR / MARMARA ÜNİV. HASTANESİ - KADIKÖY,16KH/YENİŞEHİR / MARMARA ÜNİV. HASTANESİ - KADIKÖY,1,Anadolu2,191.92
16M,ACARLAR SİTESİ / ATAŞEHİR - ÜSKÜDAR,16M/ACARLAR SİTESİ / ATAŞEHİR - ÜSKÜDAR,1,Anadolu1,87.08
16S,S. G. HAVALİMANI - UZUNÇAYIR METROBÜS/HAREM PERONLAR,16S/S. G. HAVALİMANI - UZUNÇAYIR METROBÜS/HAREM PERONLAR,1,Anadolu2,195.21
16U,UĞURMUMCU - ÜSKÜDAR,16U/UĞURMUMCU - ÜSKÜDAR,1,Anadolu2,153.35
16YK,Y.TEPE ÜNİV. / FINDIKLI MAHALLESİ - KOZYATAĞI METRO,16YK/Y.TEPE ÜNİV. / FINDIKLI MAHALLESİ - KOZYATAĞI METRO,1,Anadolu1,39.42
17,PENDİK - KADIKÖY,17/PENDİK - KADIKÖY,1,Anadolu2,135.7
17L,KÜÇÜKYALI LOJMANLARI - KADIKÖY,17L/KÜÇÜKYALI LOJMANLARI - KADIKÖY,1,Anadolu1,81.46
17S,UĞURMUMCU - BOSTANCI,17S/UĞURMUMCU - BOSTANCI,1,Anadolu2,105
18,SULTANBEYLİ - UZUNÇAYIR METROBÜS/ ÜSKÜDAR,18/SULTANBEYLİ - UZUNÇAYIR METROBÜS/ ÜSKÜDAR,1,Anadolu2,165.62
18A,SULTANBEYLİ - ACIBADEM METRO,18A/SULTANBEYLİ - ACIBADEM METRO,1,Anadolu2,138.13
18D,SULTANBEYLİ - KADIKÖY,18D/SULTANBEYLİ - KADIKÖY,1,Anadolu2,152.97
18E,YENİDOĞAN / SAMANDIRA - KADIKÖY,18E/YENİDOĞAN / SAMANDIRA - KADIKÖY,1,Anadolu2,154.36
18F,VEYSEL KARANİ / FATİH MAH. - KADIKÖY,18F/VEYSEL KARANİ / FATİH MAH. - KADIKÖY,1,Anadolu2,164.65
18K,SULTANBEYLİ GÖLET - KADIKÖY,18K/SULTANBEYLİ GÖLET - KADIKÖY,1,Anadolu2,152.97
18M,SULTANBEYLİ MİMARSİNAN - UZUNÇAYIR METROBÜS,18M/SULTANBEYLİ MİMARSİNAN - UZUNÇAYIR METROBÜS,1,Anadolu2,136.52
18Ü,SULTANBEYLİ - ÜSKÜDAR,18Ü/SULTANBEYLİ - ÜSKÜDAR,1,Anadolu2,177.12
18UK,UZUNDERE-KOZYATAĞI,18UK/UZUNDERE-KOZYATAĞI,1,Anadolu2,127.81
18V,VEYSEL KARANİ / SAMANDIRA - KADIKÖY,18V/VEYSEL KARANİ / SAMANDIRA - KADIKÖY,1,Anadolu2,135.91
18Y,YENİDOĞAN / SAMANDIRA - ÜSKÜDAR,18Y/YENİDOĞAN / SAMANDIRA - ÜSKÜDAR,1,Anadolu2,199.71
18YS,YENİDOĞAN-SULTANBEYLİ,18YS/YENİDOĞAN-SULTANBEYLİ,1,Anadolu2,122.81
19,FERHATPAŞA / YEDİTEPE ÜNİVERSİTESİ - KADIKÖY,19/FERHATPAŞA / YEDİTEPE ÜNİVERSİTESİ - KADIKÖY,1,Anadolu1,95.34
19A,YENİDOĞAN - AYRILIKÇEŞME,19A/YENİDOĞAN - AYRILIKÇEŞME,1,Anadolu2,133.25
19B,BAŞIBÜYÜK MAHALLESİ - KADIKÖY,19B/BAŞIBÜYÜK MAHALLESİ - KADIKÖY,1,Anadolu1,93.29
19D,ÜMRANİYE - BOSTANCI,19D/ÜMRANİYE - BOSTANCI,1,Anadolu1,92.65
19E,YENİDOĞAN/ ATAŞEHİR - KOZYATAĞI METRO,19E/YENİDOĞAN/ ATAŞEHİR - KOZYATAĞI METRO,1,Anadolu2,97.17
19EK,YENİDOĞAN/ ATAŞEHİR - KADIKÖY,19EK/YENİDOĞAN/ ATAŞEHİR - KADIKÖY,1,Anadolu2,142.5
19ES,ESENŞEHİR - KADIKÖY ,19ES/ESENŞEHİR - KADIKÖY,1,Anadolu2,106.8
19F,YEDİTEPE ÜNİV. / FINDIKLI MAHALLESİ - KADIKÖY,19F/YEDİTEPE ÜNİV. / FINDIKLI MAHALLESİ - KADIKÖY,1,Anadolu1,74.58
19FB,FINDIKLI MAHALLESİ - BOSTANCI,19FB/FINDIKLI MAHALLESİ - BOSTANCI,1,Anadolu1,72.05
19FK,FINDIKLI MAHALLESİ - AYRILIKÇEŞME,19FK/FINDIKLI MAHALLESİ - AYRILIKÇEŞME,1,Anadolu1,77.53
19FS,FERHATPAŞA - SOYAK YENİŞEHİR ,19FS/FERHATPAŞA - SOYAK YENİŞEHİR,1,Anadolu1,96.12
19K,ACARLAR SİTESİ / KAYIŞDAĞI - KADIKÖY,19K/ACARLAR SİTESİ / KAYIŞDAĞI - KADIKÖY,1,Anadolu1,73.4
19M,ACARLAR SİTESİ / ATAŞEHİR - KADIKÖY,19M/ACARLAR SİTESİ / ATAŞEHİR - KADIKÖY,1,Anadolu1,73.85
19S,YENİDOĞAN / SARIGAZİ - KADIKÖY,19S/YENİDOĞAN / SARIGAZİ - KADIKÖY,1,Anadolu2,139.99
19SB,SULTANBEYLİ - BOSTANCI ,19SB/SULTANBEYLİ - BOSTANCI,1,Anadolu2,143.86
19T,FERHATPAŞA - KADIKÖY,19T/FERHATPAŞA - KADIKÖY,1,Anadolu1,90.03
19V,VEYSEL KARANİ / SAMANDIRA - KOZYATAĞI METRO,19V/VEYSEL KARANİ / SAMANDIRA - KOZYATAĞI METRO,1,Anadolu2,116.19
19Y,FERHATPAŞA - KADIKÖY,19Y/FERHATPAŞA - KADIKÖY,1,Anadolu1,87.69
19YK,YENİDOĞAN-KAYIŞDAĞI,19YK/YENİDOĞAN-KAYIŞDAĞI,1,Anadolu2,93.17
19Z,ZÜMRÜTEVLER - KADIKÖY,19Z/ZÜMRÜTEVLER - KADIKÖY,1,Anadolu1,113.08
2,BOSTANCI - HAREM,2/BOSTANCI - HAREM,1,Anadolu1,90.37
20,ORTAÇEŞME / KAVACIK - Ü.EĞT.ARŞ.HASTANESİ,20/ORTAÇEŞME / KAVACIK - Ü.EĞT.ARŞ.HASTANESİ,1,Anadolu1,137.96
20D,SARIGAZİ/YENİŞEHİR-KADIKÖY,20D/SARIGAZİ/YENİŞEHİR-KADIKÖY,1,Anadolu2,112.26
20E,ESATPAŞA - KADIKÖY,20E/ESATPAŞA - KADIKÖY,1,Anadolu1,55.18
20K,KAZIM KARABEKİR - KADIKÖY,20K/KAZIM KARABEKİR - KADIKÖY,1,Anadolu1,80.9
20Ü,ÜMRANİYE TEPEÜSTÜ - KADIKÖY,20Ü/ÜMRANİYE TEPEÜSTÜ - KADIKÖY,1,Anadolu1,75
22,İSTİNYE DEREİÇİ - KABATAŞ,22/İSTİNYE DEREİÇİ - KABATAŞ,1,Avrupa3,78.1
22B,BEBEK - KABATAŞ,22B/BEBEK - KABATAŞ,1,Avrupa3,39.46
22RE,FATİH SULTAN MEHMET - BEŞİKTAŞ,22RE/FATİH SULTAN MEHMET - BEŞİKTAŞ,1,Avrupa3,85.44
25,HACIOSMAN METRO - HAVANTEPE,25/HACIOSMAN METRO - HAVANTEPE,1,Avrupa3,39.45
251,PENDİK - MECİDİYEKÖY ,251/PENDİK - MECİDİYEKÖY,1,Anadolu2,176.77
252,KARTAL - MECİDİYEKÖY / ŞİŞLİ,252/KARTAL - MECİDİYEKÖY / ŞİŞLİ,1,Anadolu2,162.63
256,YEDİTEPE ÜNİVERSİTESİ / ATAŞEHİR - TAKSİM,256/YEDİTEPE ÜNİVERSİTESİ / ATAŞEHİR - TAKSİM,1,Anadolu1,144.35
25A,RUMELİKAVAĞI - HACIOSMAN METRO,25A/RUMELİKAVAĞI - HACIOSMAN METRO,1,Avrupa3,51.26
25C,TARABYAÜSTÜ / FERAHEVLER - İSTİNYE,25C/TARABYAÜSTÜ / FERAHEVLER - İSTİNYE,1,Avrupa3,41.46
25E,SARIYER - KABATAŞ,25E/SARIYER - KABATAŞ,1,Avrupa3,121.46
25G,SARIYER - TAKSİM,25G/SARIYER - TAKSİM,1,Avrupa3,105.83
25Y,HACIOSMAN METRO - YENİ UYUM SİTESİ,25Y/HACIOSMAN METRO - YENİ UYUM SİTESİ,1,Avrupa3,59.72
26,DİKİLİTAŞ - EMİNÖNÜ,26/DİKİLİTAŞ - EMİNÖNÜ,1,Avrupa3,50.76
26A,FULYA MAHALLESİ - EMİNÖNÜ,26A/FULYA MAHALLESİ - EMİNÖNÜ,1,Avrupa3,51.98
26B,FULYA MAHALLESİ - KABATAŞ,26B/FULYA MAHALLESİ - KABATAŞ,1,Avrupa3,60.14
27E,ŞİRİNTEPE - KABATAŞ,27E/ŞİRİNTEPE - KABATAŞ,1,Avrupa3,46.23
27SE,SEYRANTEPE - KABATAŞ,27SE/SEYRANTEPE - KABATAŞ,1,Avrupa3,57.14
27T,ŞİRİNTEPE - ŞİŞLİ,27T/ŞİRİNTEPE - ŞİŞLİ,1,Avrupa3,34.94
28,TOPKAPI / EDİRNEKAPI - BEŞİKTAŞ,28/TOPKAPI / EDİRNEKAPI - BEŞİKTAŞ,1,Avrupa2,59.5
28T,TOPKAPI - BEŞİKTAŞ,28T/TOPKAPI - BEŞİKTAŞ,1,Avrupa2,52.83
29,İSTİNYE DEREİÇİ - ZİNCİRLİKUYU METROBÜS,29/İSTİNYE DEREİÇİ - ZİNCİRLİKUYU METROBÜS,1,Avrupa3,43.78
29A,DERBENT MAHALLESİ - BEŞİKTAŞ,29A/DERBENT MAHALLESİ - BEŞİKTAŞ,1,Avrupa3,58.13
29B,FATİH SULTAN MEHMET - 4.LEVENT METRO,29B/FATİH SULTAN MEHMET - 4.LEVENT METRO,1,Avrupa3,51.56
29C,TARABYAÜSTÜ - KABATAŞ,29C/TARABYAÜSTÜ - KABATAŞ,1,Avrupa3,84.74
29D,FERAHEVLER - KABATAŞ,29D/FERAHEVLER - KABATAŞ,1,Avrupa3,85.74
29E,MASLAK GAZETECİLER SİTESİ - BEŞİKTAŞ,29E/MASLAK GAZETECİLER SİTESİ - BEŞİKTAŞ,1,Avrupa3,64
29GM,MASLAK GAZETECİLER SİTESİ - 4.LEVENT METRO,29GM/MASLAK GAZETECİLER SİTESİ - 4.LEVENT METRO,1,Avrupa3,36.77
29P,POLİGON MAHALLESİ - ZİNCİRLİKUYU METROBÜS,29P/POLİGON MAHALLESİ - ZİNCİRLİKUYU METROBÜS,1,Avrupa3,37.75
29Ş,İSTİNYE DEREİÇİ - ŞİŞLİ,29Ş/İSTİNYE DEREİÇİ - ŞİŞLİ,1,Avrupa3,65.68
29T,TARABYAÜSTÜ / DARÜŞŞAFAKA - İSTİNYE,29T/TARABYAÜSTÜ / DARÜŞŞAFAKA - İSTİNYE,1,Avrupa3,45.04
3,BURHANİYE MAHALLESİ - KADIKÖY,3/BURHANİYE MAHALLESİ - KADIKÖY,1,Anadolu1,52.53
300,TÜYAP - SİLİVRİ,300/TÜYAP - SİLİVRİ,1,Avrupa1,183.46
300G,TÜYAP-GÜMÜŞYAKA,300G/TÜYAP-GÜMÜŞYAKA,1,Avrupa1,260.3
303A,SİLİVRİ - AVCILAR METROBÜS ,303A/SİLİVRİ - AVCILAR METROBÜS,1,Avrupa1,231.43
303B,SİLİVRİ CEZAEVİ - OTOGAR,303B/SİLİVRİ CEZAEVİ - OTOGAR,1,Avrupa1,402.59
30A,BEŞİKTAŞ - MECİDİYEKÖY,30A/BEŞİKTAŞ - MECİDİYEKÖY,1,Avrupa3,26.88
30D,ORTAKÖY DEREBOYU - YENİKAPI,30D/ORTAKÖY DEREBOYU - YENİKAPI,1,Avrupa3,65.33
30M,BEŞİKTAŞ - MECİDİYEKÖY,30M/BEŞİKTAŞ - MECİDİYEKÖY,1,Avrupa3,19.32
31,KUYUMCUKENT - YENİKAPI,31/KUYUMCUKENT - YENİKAPI,1,Avrupa1,89.21
319,KAYIŞDAĞI - KADIKÖY,319/KAYIŞDAĞI - KADIKÖY,1,Anadolu1,86.36
31E,KUYUMCUKENT - EMİNÖNÜ,31E/KUYUMCUKENT - EMİNÖNÜ,1,Avrupa1,101.83
31K,KUYUMCUKENT-ŞİRİNEVLER,31K/KUYUMCUKENT-ŞİRİNEVLER,1,Avrupa1,19.68
31Y,TOKİ AYAZMA - YENİKAPI,31Y/TOKİ AYAZMA - YENİKAPI,1,Avrupa1,111.93
32,CEVATPAŞA - EMİNÖNÜ,32/CEVATPAŞA - EMİNÖNÜ,1,Avrupa2,78.96
320,FERHATPAŞA - ÜMRANİYE METRO/ÇAMLICA CAMİİ,320/FERHATPAŞA - ÜMRANİYE METRO/ÇAMLICA CAMİİ,1,Anadolu1,88.44
320A,SULTANBEYLİ MİMARSİNAN / SAMANDIRA - ÜSKÜDAR,320A/SULTANBEYLİ MİMARSİNAN / SAMANDIRA - ÜSKÜDAR,1,Anadolu2,156.44
320Y,YENİDOĞAN - KOZYATAĞI METRO ,320Y/YENİDOĞAN - KOZYATAĞI METRO,1,Anadolu2,110.09
32A,CEVATPAŞA - AKSARAY,32A/CEVATPAŞA - AKSARAY,1,Avrupa2,58.83
32M,CEVATPAŞA - MECİDİYEKÖY,32M/CEVATPAŞA - MECİDİYEKÖY,1,Avrupa2,75.44
32T,CEVATPAŞA - TAKSİM,32T/CEVATPAŞA - TAKSİM,1,Avrupa2,88.87
33,GİYİMKENT / TURGUTREİS - EMİNÖNÜ,33/GİYİMKENT / TURGUTREİS - EMİNÖNÜ,1,Avrupa2,97.22
336,ARNAVUTKÖY - EMİNÖNÜ,336/ARNAVUTKÖY - EMİNÖNÜ,1,Avrupa2,172
336A,BALABAN KÖYÜ - MESCİDİ SELAM,336A/BALABAN KÖYÜ - MESCİDİ SELAM,1,Avrupa2,206.53
336E,SULTANÇİFTLİĞİ - EMİNÖNÜ,336E/SULTANÇİFTLİĞİ - EMİNÖNÜ,1,Avrupa2,93.56
336G,TAŞOLUK PERON - TEKSTİLKENT METRO,336G/TAŞOLUK PERON - TEKSTİLKENT METRO,1,Avrupa2,117.88
336H,HADIMKÖY - MESCİDİ SELAM,336H/HADIMKÖY - MESCİDİ SELAM,1,Avrupa2,166.47
336K,YENİKÖY / KARABURUN - MESCİDİ SELAM,336K/YENİKÖY / KARABURUN - MESCİDİ SELAM,1,Avrupa2,213.84
336M,ARNAVUTKÖY - MECİDİYEKÖY,336M/ARNAVUTKÖY - MECİDİYEKÖY,1,Avrupa2,175.84
336MC,BOLLUCA / İMRAHOR - CEBECİ,336MC/BOLLUCA / İMRAHOR - CEBECİ,1,Avrupa2,134
336T,TAŞOLUK MAHALLESİ- CEBECİ,336T/TAŞOLUK MAHALLESİ- CEBECİ,1,Avrupa2,132.05
336Y,CEBECİ - YENİKAPI MARMARAY,336Y/CEBECİ - YENİKAPI MARMARAY,1,Avrupa2,101.88
33B,GİYİMKENT / BİRLİK MAHALLESİ - EMİNÖNÜ,33B/GİYİMKENT / BİRLİK MAHALLESİ - EMİNÖNÜ,1,Avrupa2,107.92
33E,ESENLER METRO - YENİKAPI,33E/ESENLER METRO - YENİKAPI,1,Avrupa2,79.63
33ES,GİYİMKENT - EMİNÖNÜ,33ES/GİYİMKENT - EMİNÖNÜ,1,Avrupa2,76.56
33M,GİYİMKENT - MECİDİYEKÖY,33M/GİYİMKENT - MECİDİYEKÖY,1,Avrupa2,104.9
33TE,ESENLER TURGUTREİS - EMİNÖNÜ,33TE/ESENLER TURGUTREİS - EMİNÖNÜ,1,Avrupa2,85.31
33TM,GİYİMKENT / TURGUTREİS - MECİDİYEKÖY,33TM/GİYİMKENT / TURGUTREİS - MECİDİYEKÖY,1,Avrupa2,88.25
33Y,GİYİMKENT / YÜZYIL MAHALLESİ - EMİNÖNÜ,33Y/GİYİMKENT / YÜZYIL MAHALLESİ - EMİNÖNÜ,1,Avrupa2,100.14
34,AVCILAR-ZİNCİRLİKUYU,34/AVCILAR-ZİNCİRLİKUYU,1,Metrobüs,144.26
34A,CEVİZLİBAĞ - SÖĞÜTLÜÇEŞME,34A/CEVİZLİBAĞ - SÖĞÜTLÜÇEŞME,1,Metrobüs,109.43
34AS,AVCILAR - SÖĞÜTLÜÇEŞME,34AS/AVCILAR - SÖĞÜTLÜÇEŞME,1,Metrobüs,198.81
34B,BEYLİKDÜZÜ-AVCILAR,34B/BEYLİKDÜZÜ-AVCILAR,1,Metrobüs,47.74
34BZ,BEYLİKDÜZÜ - ZİNCİRLİKUYU,34BZ/BEYLİKDÜZÜ - ZİNCİRLİKUYU,1,Metrobüs,189.73
34C,BEYLİKDÜZÜ-CEVİZLİBAĞ,34C/BEYLİKDÜZÜ-CEVİZLİBAĞ,1,Metrobüs,139.55
34G,BEYLİKDÜZÜ-SÖĞÜTLÜÇEŞME,34G/BEYLİKDÜZÜ-SÖĞÜTLÜÇEŞME,1,Metrobüs,244.28
34T,AVCILAR -TOPKAPI,34T/AVCILAR -TOPKAPI,1,Metrobüs,94.08
34U,ZİNCİRLİKUYU-UZUNÇAYIR,34U/ZİNCİRLİKUYU-UZUNÇAYIR,1,Metrobüs,44.93
34Z,ZİNCİRLİKUYU-SÖĞÜTLÜÇEŞME,34Z/ZİNCİRLİKUYU-SÖĞÜTLÜÇEŞME,1,Metrobüs,54.55
35,KOCAMUSTAFAPAŞA - EMİNÖNÜ,35/KOCAMUSTAFAPAŞA - EMİNÖNÜ,1,Avrupa2,29.82
35A,KOCAMUSTAFAPAŞA - AKSARAY,35A/KOCAMUSTAFAPAŞA - AKSARAY,1,Avrupa2,10.7
35C,KOCAMUSTAFAPAŞA - TAKSİM,35C/KOCAMUSTAFAPAŞA - TAKSİM,1,Avrupa2,39.93
35D,KOCAMUSTAFAPAŞA - BALAT,35D/KOCAMUSTAFAPAŞA - BALAT,1,Avrupa2,46.98
36,KARADENİZ MAHALLESİ - AKSARAY,36/KARADENİZ MAHALLESİ - AKSARAY,1,Avrupa2,66.52
36A,CEBECİ - VEZNECİLER,36A/CEBECİ - VEZNECİLER,1,Avrupa2,82.59
36AS,TAŞOLUK PERON - SEFAKÖY METROBÜS,36AS/TAŞOLUK PERON - SEFAKÖY METROBÜS,1,Avrupa2,202.38
36AY,ARNAVUTKÖY - YENİBOSNA METRO,36AY/ARNAVUTKÖY - YENİBOSNA METRO,1,Avrupa2,173.67
36B,BOLLUCA / BOĞAZKÖY - CEBECİ,36B/BOLLUCA / BOĞAZKÖY - CEBECİ,1,Avrupa2,116.1
36C,CEBECİ-ARNAVUTKÖY MERKEZ,36C/CEBECİ-ARNAVUTKÖY MERKEZ,1,Avrupa2,79.73
36CB,CEBECİ KÖYÜ - İSTİKLAL MAHALLESİ,36CB/CEBECİ KÖYÜ - İSTİKLAL MAHALLESİ,1,Avrupa2,108.38
36CE,CEBECİ - EMİNÖNÜ,36CE/CEBECİ - EMİNÖNÜ,1,Avrupa2,107.69
36CY,CEBECİ - YENİBOSNA METRO,36CY/CEBECİ - YENİBOSNA METRO,1,Avrupa2,120.68
36D,ARNAVUTKÖY - DELİKLİKAYA,36D/ARNAVUTKÖY - DELİKLİKAYA,1,Avrupa2,174.77
36EM,CEBECİ - MECİDİYEKÖY,36EM/CEBECİ - MECİDİYEKÖY,1,Avrupa2,114.57
36ES,ESENTEPE MAHALLESİ - AKSARAY,36ES/ESENTEPE MAHALLESİ - AKSARAY,1,Avrupa2,84.69
36F,CEBECİ - FENERTEPE/OLİMPİYATKÖY METRO,36F/CEBECİ - FENERTEPE/OLİMPİYATKÖY METRO,1,Avrupa2,113.33
36HT,FATİH MAHALLESİ- HARAÇÇI - CEBECİ,36HT/FATİH MAHALLESİ- HARAÇÇI - CEBECİ,1,Avrupa2,143.59
36KE,KARADENİZ MAHALLESİ - EMİNÖNÜ,36KE/KARADENİZ MAHALLESİ - EMİNÖNÜ,1,Avrupa2,73.99
36L,MESCİDİ SELAM - BEŞİKTAŞ,36L/MESCİDİ SELAM - BEŞİKTAŞ,1,Avrupa2,120.18
36M,CEBECİ - MECİDİYEKÖY,36M/CEBECİ - MECİDİYEKÖY,1,Avrupa2,105.85
36S,HABİPLER - SULTANGAZİ BELEDİYESİ,36S/HABİPLER - SULTANGAZİ BELEDİYESİ,1,Avrupa2,58.63
36T,CEBECİ - TAKSİM,36T/CEBECİ - TAKSİM,1,Avrupa2,130.67
36TC,TAŞOLUK PERON- CEBECİ,36TC/TAŞOLUK PERON- CEBECİ,1,Avrupa2,129.15
36V,YAYLA MAHALLESİ - VEZNECİLER,36V/YAYLA MAHALLESİ - VEZNECİLER,1,Avrupa2,109.43
36Y,TAŞOLUK PERON - YENİKAPI,36Y/TAŞOLUK PERON - YENİKAPI,1,Avrupa2,195.72
36YS,YASSIÖREN - ARNAVUTKÖY,36YS/YASSIÖREN - ARNAVUTKÖY,1,Avrupa2,162.38
37E,ÇIRÇIR METRO - EMİNÖNÜ,37E/ÇIRÇIR METRO - EMİNÖNÜ,1,Avrupa3,73.68
37M,ÇIRÇIR METRO - MECİDİYEKÖY,37M/ÇIRÇIR METRO - MECİDİYEKÖY,1,Avrupa3,81.76
37T,ÇIRÇIR METRO - TAKSİM,37T/ÇIRÇIR METRO - TAKSİM,1,Avrupa3,76.2
37Y,ÇIRÇIR METRO - VEZNECİLER,37Y/ÇIRÇIR METRO - VEZNECİLER,1,Avrupa3,61.87
38,YUNUS EMRE MAHALLESİ - AKSARAY,38/YUNUS EMRE MAHALLESİ - AKSARAY,1,Avrupa2,78.8
38B,YUNUS EMRE MAHALLESİ - VEZNECİLER,38B/YUNUS EMRE MAHALLESİ - VEZNECİLER,1,Avrupa2,75.51
38E,G.O.P. DEVLET HASTANESİ - EMİNÖNÜ,38E/G.O.P. DEVLET HASTANESİ - EMİNÖNÜ,1,Avrupa2,73.17
38G,G.O.P. DEVLET HASTANESİ - MECİDİYEKÖY,38G/G.O.P. DEVLET HASTANESİ - MECİDİYEKÖY,1,Avrupa2,85.88
38H,ZÜBEYDE HANIM MAHALLESİ - HABİBLER,38H/ZÜBEYDE HANIM MAHALLESİ - HABİBLER,1,Avrupa2,66.09
38KT,KARADENİZ MAHALLESİ - TAKSİM,38KT/KARADENİZ MAHALLESİ - TAKSİM,1,Avrupa2,86.9
38M,CEVATPAŞA / KÜÇÜKKÖY - MECİDİYEKÖY,38M/CEVATPAŞA / KÜÇÜKKÖY - MECİDİYEKÖY,1,Avrupa2,95.12
38T,KÜÇÜKKÖY-TAKSİM,38T/KÜÇÜKKÖY-TAKSİM,1,Avrupa2,78.69
38Z,ZÜBEYDE HANIM MAHALLESİ - AKSARAY,38Z/ZÜBEYDE HANIM MAHALLESİ - AKSARAY,1,Avrupa2,72.01
39,AKŞEMSETTİN - YENİKAPI,39/AKŞEMSETTİN - YENİKAPI,1,Avrupa3,83.62
399B,EMNİYETTEPE - EMİNÖNÜ,399B/EMNİYETTEPE - EMİNÖNÜ,1,Avrupa3,87.63
399C,ESENTEPE MAHALLESİ - EMİNÖNÜ,399C/ESENTEPE MAHALLESİ - EMİNÖNÜ,1,Avrupa2,110.63
39A,AKŞEMSETTİN - VEZNECİLER,39A/AKŞEMSETTİN - VEZNECİLER,1,Avrupa3,76.24
39B,ÇIRÇIR METRO - VEZNECİLER,39B/ÇIRÇIR METRO - VEZNECİLER,1,Avrupa3,74.4
39Ç,KAĞITHANE - AKSARAY,39Ç/KAĞITHANE - AKSARAY,1,Avrupa3,110.21
39D,YEŞİLPINAR - YENİKAPI,39D/YEŞİLPINAR - YENİKAPI,1,Avrupa3,88.05
39K,BİNEVLER - YENİKAPI,39K/BİNEVLER - YENİKAPI,1,Avrupa3,90.42
39O,YEŞİLPINAR - OTOGAR,39O/YEŞİLPINAR - OTOGAR,1,Avrupa3,85.57
39Y,YEŞİLPINAR - VEZNECİLER,39Y/YEŞİLPINAR - VEZNECİLER,1,Avrupa3,75.82
3A,KADIKÖY - ÜNALAN MAHALLESİ,3A/KADIKÖY - ÜNALAN MAHALLESİ,1,Anadolu1,36.25
3B,KADIKÖY - ÜNALAN MAHALLESİ,3B/KADIKÖY - ÜNALAN MAHALLESİ,1,Anadolu1,42.03
4,MALTEPE SAHİL - KADIKÖY,4/MALTEPE SAHİL - KADIKÖY,1,Anadolu1,66.96
40,RUMELİFENERİ / GARİPÇE - TAKSİM,40/RUMELİFENERİ / GARİPÇE - TAKSİM,1,Avrupa3,191.48
400A,YEŞİLKENT- AVCILAR METROBÜS,400A/YEŞİLKENT- AVCILAR METROBÜS,1,Avrupa1,73.16
401,ÇATALCA - AVCILAR METROBÜS,401/ÇATALCA - AVCILAR METROBÜS,1,Avrupa1,158.96
401T,TEPEKENT - AVCILAR METROBÜS,401T/TEPEKENT - AVCILAR METROBÜS,1,Avrupa1,115.31
402,BİNKILIÇ - ÇATALCA,402/BİNKILIÇ - ÇATALCA,1,Avrupa1,264.73
403,ÇİFTLİKKÖY - ÇATALCA,403/ÇİFTLİKKÖY - ÇATALCA,1,Avrupa1,164.46
404,YALIKÖY / KARACAKÖY - ÇATALCA,404/YALIKÖY / KARACAKÖY - ÇATALCA,1,Avrupa1,297.15
40B,SARIYER - BEŞİKTAŞ,40B/SARIYER - BEŞİKTAŞ,1,Avrupa3,112.49
40T,İSTİNYE DEREİÇİ - TAKSİM,40T/İSTİNYE DEREİÇİ - TAKSİM,1,Avrupa3,79.54
41,SİNPAŞ SİTESİ - 4.LEVENT METRO,41/SİNPAŞ SİTESİ - 4.LEVENT METRO,1,Avrupa3,81.76
418,HADIMKÖY - AVCILAR METROBÜS,418/HADIMKÖY - AVCILAR METROBÜS,1,Avrupa1,173.71
41A,AYAZAĞA - 4. LEVENT METRO ,41A/AYAZAĞA - 4. LEVENT METRO,1,Avrupa3,30.64
41AT,AYAZAĞA - DAVUTPAŞA Y.T.Ü,41AT/AYAZAĞA - DAVUTPAŞA Y.T.Ü,1,Avrupa3,134.13
41C,AYAZAĞA - SARIYER,41C/AYAZAĞA - SARIYER,1,Avrupa3,92.61
41E,AYAZAĞA - KABATAŞ,41E/AYAZAĞA - KABATAŞ,1,Avrupa3,69.19
41N,NİŞANTAŞI ÜNİVERSİTESİ - MASLAK,41N/NİŞANTAŞI ÜNİVERSİTESİ - MASLAK,1,Avrupa3,16.1
41SF,SARIYER - FATİH SULTAN MEHMET,41SF/SARIYER - FATİH SULTAN MEHMET,1,Avrupa3,97.28
41SM,AYAZAĞA GARAJI - 4.LEVENT METRO,41SM/AYAZAĞA GARAJI - 4.LEVENT METRO,1,Avrupa3,39.4
41ST,SEYRANTEPE - TOPKAPI,41ST/SEYRANTEPE - TOPKAPI,1,Avrupa3,103.06
41Y,AYAZAĞA - YENİKAPI,41Y/AYAZAĞA - YENİKAPI,1,Avrupa3,111.13
42,BAHÇEKÖY / FERAHEVLER - ZİNCİRLİKUYU METROBÜS,42/BAHÇEKÖY / FERAHEVLER - ZİNCİRLİKUYU METROBÜS,1,Avrupa3,103.86
429,KIRAÇ - AVCILAR METROBÜS,429/KIRAÇ - AVCILAR METROBÜS,1,Avrupa1,104.74
429A,KIRAÇ - AVCILAR METROBÜS,429A/KIRAÇ - AVCILAR METROBÜS,1,Avrupa1,104.34
42HM,BAHÇEKÖY - HACIOSMAN METRO,42HM/BAHÇEKÖY - HACIOSMAN METRO,1,Avrupa3,39.49
42K,SARIYER - KAZIM KARABEKİR,42K/SARIYER - KAZIM KARABEKİR,1,Avrupa3,31.64
42KT,SARIYER - KOCATAŞ,42KT/SARIYER - KOCATAŞ,1,Avrupa3,32.22
42M,BAHÇEKÖY - ZİNCİRLİKUYU METROBÜS,42M/BAHÇEKÖY - ZİNCİRLİKUYU METROBÜS,1,Avrupa3,83.78
42T,BAHÇEKÖY - TAKSİM,42T/BAHÇEKÖY - TAKSİM,1,Avrupa3,132.2
42Z,HACIOSMAN METRO - KAZIM KARABEKİR ,42Z/HACIOSMAN METRO - KAZIM KARABEKİR,1,Avrupa3,26.04
43R,RUMELİ HİSARÜSTÜ - KABATAŞ,43R/RUMELİ HİSARÜSTÜ - KABATAŞ,1,Avrupa3,44.46
448,MİMARSİNAN - AVCILAR METROBÜS,448/MİMARSİNAN - AVCILAR METROBÜS,1,Avrupa1,117.66
44B,HAMİDİYE MAHALLESİ - EMİNÖNÜ,44B/HAMİDİYE MAHALLESİ - EMİNÖNÜ,1,Avrupa3,85.61
458,GÜRPINAR - AVCILAR METROBÜS,458/GÜRPINAR - AVCILAR METROBÜS,1,Avrupa1,117.71
46Ç,KAĞITHANE - EMİNÖNÜ,46Ç/KAĞITHANE - EMİNÖNÜ,1,Avrupa3,55.22
46E,HÜRRİYET MAHALLESİ - EMİNÖNÜ,46E/HÜRRİYET MAHALLESİ - EMİNÖNÜ,1,Avrupa3,43.62
46KT,KUŞTEPE - ŞİŞLİ,46KT/KUŞTEPE - ŞİŞLİ,1,Avrupa3,12.96
46T,ÇAĞLAYAN - TOPKAPI,46T/ÇAĞLAYAN - TOPKAPI,1,Avrupa3,73.34
47,YEŞİLPINAR - EMİNÖNÜ,47/YEŞİLPINAR - EMİNÖNÜ,1,Avrupa3,78.22
47A,ALİBEYKÖY CEP OTOGARI - YENİKAPI,47A/ALİBEYKÖY CEP OTOGARI - YENİKAPI,1,Avrupa3,82.79
47Ç,GÜZELTEPE - EMİNÖNÜ,47Ç/GÜZELTEPE - EMİNÖNÜ,1,Avrupa3,65.59
47E,BİNEVLER - EMİNÖNÜ,47E/BİNEVLER - EMİNÖNÜ,1,Avrupa3,67.03
47F,ÇIRÇIR METRO - 4.LEVENT METRO,47F/ÇIRÇIR METRO - 4.LEVENT METRO,1,Avrupa3,89.39
47K,KAZIM KARABEKİR - EMİNÖNÜ,47K/KAZIM KARABEKİR - EMİNÖNÜ,1,Avrupa3,82.44
47L,BİNEVLER -  HACIOSMAN METRO,47L/BİNEVLER -  HACIOSMAN METRO,1,Avrupa3,110.08
47N,NUR SİTESİ - EMİNÖNÜ,47N/NUR SİTESİ - EMİNÖNÜ,1,Avrupa3,80.24
48,GÖKTÜRK - MECİDİYEKÖY,48/GÖKTÜRK - MECİDİYEKÖY,1,Avrupa3,105.7
48A,GÖKTÜRK - KAZLIÇEŞME,48A/GÖKTÜRK - KAZLIÇEŞME,1,Avrupa3,145.41
48C,KEMERBURGAZ - ÇİFTALAN KÖYÜ,48C/KEMERBURGAZ - ÇİFTALAN KÖYÜ,1,Avrupa3,68.07
48D,GÖKTÜRK - HACIOSMAN METRO,48D/GÖKTÜRK - HACIOSMAN METRO,1,Avrupa3,105.54
48E,GÖKTÜRK - EMİNÖNÜ,48E/GÖKTÜRK - EMİNÖNÜ,1,Avrupa3,128.17
48F,AKPINAR KÖYÜ-MECİDİYEKÖY,48F/AKPINAR KÖYÜ-MECİDİYEKÖY,1,Avrupa3,183
48G,GÖKTÜRK- MESCİDİ SELAM,48G/GÖKTÜRK- MESCİDİ SELAM,1,Avrupa3,102.74
48H,HAMİDİYE MAHALLESİ - ŞİŞLİ,48H/HAMİDİYE MAHALLESİ - ŞİŞLİ,1,Avrupa3,40.04
48K,KEMERBURGAZ - AĞAÇLI KÖYÜ,48K/KEMERBURGAZ - AĞAÇLI KÖYÜ,1,Avrupa3,114.69
48KA,KEMERBURGAZ - ARNAVUTKÖY,48KA/KEMERBURGAZ - ARNAVUTKÖY,1,Avrupa3,143.86
48L,GÖKTÜRK - 4.LEVENT METRO,48L/GÖKTÜRK - 4.LEVENT METRO,1,Avrupa3,118.86
48M,AKPINAR KÖYÜ-ARNAVUTKÖY,48M/AKPINAR KÖYÜ-ARNAVUTKÖY,1,Avrupa3,93.12
48N,EMNİYETTEPE - TAKSİM,48N/EMNİYETTEPE - TAKSİM,1,Avrupa3,54.81
48P,KEMERBURGAZ - AKPINAR KÖYÜ,48P/KEMERBURGAZ - AKPINAR KÖYÜ,1,Avrupa3,102.56
48T,HAMİDİYE MAHALLESİ - TAKSİM,48T/HAMİDİYE MAHALLESİ - TAKSİM,1,Avrupa3,68.14
48U,BAHÇEŞEHİR ÜNİVERSİTESİ - KEMERBURGAZ,48U/BAHÇEŞEHİR ÜNİVERSİTESİ - KEMERBURGAZ,1,Avrupa3,8.16
48Y,YEŞİLPINAR - GÖKTÜRK,48Y/YEŞİLPINAR - GÖKTÜRK,1,Avrupa3,110.73
49,CEBECİ - ŞİŞLİ,49/CEBECİ - ŞİŞLİ,1,Avrupa2,78.02
49A,AKŞEMSETTİN - ŞİŞLİ,49A/AKŞEMSETTİN - ŞİŞLİ,1,Avrupa3,64.77
49B,ÇIRÇIR METRO- ŞİŞLİ,49B/ÇIRÇIR METRO- ŞİŞLİ,1,Avrupa3,61.14
49G,YUNUS EMRE MAHALLESİ - KÜÇÜKKÖY- ŞİŞLİ,49G/YUNUS EMRE MAHALLESİ - KÜÇÜKKÖY- ŞİŞLİ,1,Avrupa2,97.25
49GB,YUNUS EMRE MAHALLESİ / BARAJ YOLU - ŞİŞLİ,49GB/YUNUS EMRE MAHALLESİ / BARAJ YOLU - ŞİŞLİ,1,Avrupa2,89.48
49K,BİNEVLER - ŞİŞLİ,49K/BİNEVLER - ŞİŞLİ,1,Avrupa3,63.86
49M,KAZIM KARABEKİR - ŞİŞLİ,49M/KAZIM KARABEKİR - ŞİŞLİ,1,Avrupa3,81.6
49T,YEŞİLPINAR - TAKSİM,49T/YEŞİLPINAR - TAKSİM,1,Avrupa3,68.7
49Y,YEŞİLPINAR - ŞİŞLİ,49Y/YEŞİLPINAR - ŞİŞLİ,1,Avrupa3,68.96
49Z,YEŞİLPINAR - ZİNCİRLİKUYU METROBÜS,49Z/YEŞİLPINAR - ZİNCİRLİKUYU METROBÜS,1,Avrupa3,88.12
5,VALİEVLERİ - ÜSKÜDAR,5/VALİEVLERİ - ÜSKÜDAR,1,Anadolu1,63.2
500L,LEVENT - CEVİZLİBAĞ,500L/LEVENT - CEVİZLİBAĞ,1,Avrupa2,94.03
500T,TUZLA ŞİFA MAHALLESİ - CEVİZLİBAĞ,500T/TUZLA ŞİFA MAHALLESİ - CEVİZLİBAĞ,1,Anadolu2,368.05
522,ALEMDAĞ - MECİDİYEKÖY MEZARLIK,522/ALEMDAĞ - MECİDİYEKÖY MEZARLIK,1,Anadolu2,148.89
522B,YENİDOĞAN - MECİDİYEKÖY MEZARLIK,522B/YENİDOĞAN - MECİDİYEKÖY MEZARLIK,1,Anadolu2,161.06
522N,NİŞANTEPE - 4.LEVENT METRO ,522N/NİŞANTEPE - 4.LEVENT METRO,1,Anadolu2,174.53
522ST,SULTANBEYLİ - MECİDİYEKÖY,522ST/SULTANBEYLİ - MECİDİYEKÖY,1,Anadolu2,207.93
54Ç,ÇIKSALIN - TAKSİM,54Ç/ÇIKSALIN - TAKSİM,1,Avrupa3,40.55
54E,OKMEYDANI - EMİNÖNÜ,54E/OKMEYDANI - EMİNÖNÜ,1,Avrupa3,55.11
54HŞ,HASKÖY - ŞİŞLİ,54HŞ/HASKÖY - ŞİŞLİ,1,Avrupa3,54.54
54HT,HASKÖY - TAKSİM,54HT/HASKÖY - TAKSİM,1,Avrupa3,32.78
54K,HASKÖY - KULAKSIZ - TAKSİM,54K/HASKÖY - KULAKSIZ - TAKSİM,1,Avrupa3,51.85
54KT,KAPTANPAŞA - DOLAPDERE / TAKSİM,54KT/KAPTANPAŞA - DOLAPDERE / TAKSİM,1,Avrupa3,27.54
54ÖR,ÖRNEKTEPE - TAKSİM,54ÖR/ÖRNEKTEPE - TAKSİM,1,Avrupa3,39.86
54P,PİYALEPAŞA MAHALLESİ - TAKSİM,54P/PİYALEPAŞA MAHALLESİ - TAKSİM,1,Avrupa3,37.07
54T,SADABAT EVLERİ / TALATPAŞA - TAKSİM,54T/SADABAT EVLERİ / TALATPAŞA - TAKSİM,1,Avrupa3,50.26
54TE,SADABAT EVLERİ / TALATPAŞA - EMİNÖNÜ,54TE/SADABAT EVLERİ / TALATPAŞA - EMİNÖNÜ,1,Avrupa3,58.02
55,GAZİOSMANPAŞA - ŞİŞLİ,55/GAZİOSMANPAŞA - ŞİŞLİ,1,Avrupa2,55.98
559C,RUMELİ HİSARÜSTÜ - TAKSİM,559C/RUMELİ HİSARÜSTÜ - TAKSİM,1,Avrupa3,45.89
55B,GAZİOSMANPAŞA - BEŞİKTAŞ,55B/GAZİOSMANPAŞA - BEŞİKTAŞ,1,Avrupa2,62.61
55ET,EYÜPSULTAN - TAKSİM/BEŞİKTAŞ,55ET/EYÜPSULTAN - TAKSİM/BEŞİKTAŞ,1,Avrupa3,68.46
55T,GAZİOSMANPAŞA - TAKSİM,55T/GAZİOSMANPAŞA - TAKSİM,1,Avrupa2,50.68
55V,GAZİOSMANPAŞA - VEZNECİLER,55V/GAZİOSMANPAŞA - VEZNECİLER,1,Avrupa2,39.75
55Y,KAĞITHANE GARAJI - YENİBOSNA METRO,55Y/KAĞITHANE GARAJI - YENİBOSNA METRO,1,Avrupa3,128.26
57UL,BEŞİKTAŞ - KURUÇEŞMEÜSTÜ,57UL/BEŞİKTAŞ - KURUÇEŞMEÜSTÜ,1,Avrupa3,24.02
58A,POLİGON MAHALLESİ- KABATAŞ,58A/POLİGON MAHALLESİ- KABATAŞ,1,Avrupa3,74
58N,FATİH SULTAN MEHMET - KABATAŞ,58N/FATİH SULTAN MEHMET - KABATAŞ,1,Avrupa3,46.24
58S,LEVAZIM MAHALLESİ - KABATAŞ,58S/LEVAZIM MAHALLESİ - KABATAŞ,1,Avrupa3,36.75
58UL,ULUS MAHALLESİ - KABATAŞ,58UL/ULUS MAHALLESİ - KABATAŞ,1,Avrupa3,40.25
59A,İSTİNYE DEREİÇİ - ŞİŞLİ,59A/İSTİNYE DEREİÇİ - ŞİŞLİ,1,Avrupa3,71.43
59CH,ARNAVUTKÖY - MECİDİYEKÖY,59CH/ARNAVUTKÖY - MECİDİYEKÖY,1,Avrupa3,33.3
59HS,HACIOSMAN METRO - SARITEPE KAMPÜSÜ,59HS/HACIOSMAN METRO - SARITEPE KAMPÜSÜ,1,Avrupa3,96.15
59K, KARAYOLLARI / ETİLER - ŞİŞLİ,59K/KARAYOLLARI / ETİLER - ŞİŞLİ,1,Avrupa3,41
59N,FATİH SULTAN MEHMET - ŞİŞLİ,59N/FATİH SULTAN MEHMET - ŞİŞLİ,1,Avrupa3,35.08
59R,RUMELİ HİSARÜSTÜ - ŞİŞLİ,59R/RUMELİ HİSARÜSTÜ - ŞİŞLİ,1,Avrupa3,33.19
59RH,RUMELİ HİSARÜSTÜ - HACIOSMAN METRO,59RH/RUMELİ HİSARÜSTÜ - HACIOSMAN METRO,1,Avrupa3,52.12
59RK,RUMELİ HİSARÜSTÜ - SARITEPE KAMPÜSÜ,59RK/RUMELİ HİSARÜSTÜ - SARITEPE KAMPÜSÜ,1,Avrupa3,164.85
59RS,SARIYER - RUMELİ HİSARÜSTÜ,59RS/SARIYER - RUMELİ HİSARÜSTÜ,1,Avrupa3,91.83
59S,LEVAZIM MAHALLESİ - ŞİŞLİ,59S/LEVAZIM MAHALLESİ - ŞİŞLİ,1,Avrupa3,25.47
59UÇ,UÇAKSAVAR - ŞİŞLİ,59UÇ/UÇAKSAVAR - ŞİŞLİ,1,Avrupa3,48.02
6,ESATPAŞA / KÜÇÜKÇAMLICA - HAREM,6/ESATPAŞA / KÜÇÜKÇAMLICA - HAREM,1,Anadolu1,65.34
62,KAĞITHANE / GÜLTEPE - KABATAŞ,62/KAĞITHANE / GÜLTEPE - KABATAŞ,1,Avrupa3,56.26
622,YENİDOĞAN - MECİDİYEKÖY,622/YENİDOĞAN - MECİDİYEKÖY,1,Anadolu2,170.37
62G,EMNİYETTEPE /  HAMİDİYE - BEŞİKTAŞ,62G/EMNİYETTEPE /  HAMİDİYE - BEŞİKTAŞ,1,Avrupa3,71.04
62H,EMNİYETTEPE - HACIOSMAN METRO,62H/EMNİYETTEPE - HACIOSMAN METRO,1,Avrupa3,90.4
63,KAĞITHANE / ÇELİKTEPE - KABATAŞ,63/KAĞITHANE / ÇELİKTEPE - KABATAŞ,1,Avrupa3,63.99
64Ç,EMNİYETTEPE/ÇELİKTEPE-ŞİŞLİ,64Ç/EMNİYETTEPE/ÇELİKTEPE-ŞİŞLİ,1,Avrupa3,73.67
65A,SEYRANTEPE - KAĞITHANE GARAJI,65A/SEYRANTEPE - KAĞITHANE GARAJI,1,Avrupa3,97.15
65G,KAĞITHANE / GÜLTEPE - ŞİŞLİ,65G/KAĞITHANE / GÜLTEPE - ŞİŞLİ,1,Avrupa3,43.7
66,GÜLBAĞ - EMİNÖNÜ,66/GÜLBAĞ - EMİNÖNÜ,1,Avrupa3,45.82
66Z,ZİNCİRLİDERE - ŞİŞLİ,66Z/ZİNCİRLİDERE - ŞİŞLİ,1,Avrupa3,21.55
7,TOPAĞACI MAHALLESİ / ÜMRANİYE - RASATHANE,7/TOPAĞACI MAHALLESİ / ÜMRANİYE - RASATHANE,1,Anadolu1,74.98
70D,KURTULUŞ / DOLAPDERE - EMİNÖNÜ,70D/KURTULUŞ / DOLAPDERE - EMİNÖNÜ,1,Avrupa3,53.87
70FE,FERİKÖY - EMİNÖNÜ,70FE/FERİKÖY - EMİNÖNÜ,1,Avrupa3,38.26
70FY,FERİKÖY - YENİKAPI,70FY/FERİKÖY - YENİKAPI,1,Avrupa3,52.31
70KE,KURTULUŞ - EMİNÖNÜ,70KE/KURTULUŞ - EMİNÖNÜ,1,Avrupa3,40.5
70KY,KURTULUŞ - YENİKAPI,70KY/KURTULUŞ - YENİKAPI,1,Avrupa3,46.82
71T,ATAKÖY - TAKSİM,71T/ATAKÖY - TAKSİM,1,Avrupa1,94.26
72T,YEŞİLKÖY - TAKSİM,72T/YEŞİLKÖY - TAKSİM,1,Avrupa1,113.13
72YT,YEŞİLKÖY - SAHİL YOLU - TAKSİM,72YT/YEŞİLKÖY - SAHİL YOLU - TAKSİM,1,Avrupa1,108.74
73,YENİBOSNA METRO- TAKSİM,73/YENİBOSNA METRO- TAKSİM,1,Avrupa1,79.67
73B,FLORYA - BAKIRKÖY,73B/FLORYA - BAKIRKÖY,1,Avrupa1,72.36
73F,FLORYA - TAKSİM,73F/FLORYA - TAKSİM,1,Avrupa1,128.88
73H,ACİL DURUM HASTANESİ - ATAKÖY METRO,73H/ACİL DURUM HASTANESİ - ATAKÖY METRO,1,Avrupa1,43.5
73Y,KUYUMCUKENT - YEŞİLKÖY / AKVARYUM,73Y/KUYUMCUKENT - YEŞİLKÖY / AKVARYUM,1,Avrupa1,74.12
74,HİLTON SİTESİ - EMİNÖNÜ,74/HİLTON SİTESİ - EMİNÖNÜ,1,Avrupa3,43.76
74A,GAYRETTEPE - EMİNÖNÜ,74A/GAYRETTEPE - EMİNÖNÜ,1,Avrupa3,42.6
75O,OTOGAR - MECİDİYEKÖY,75O/OTOGAR - MECİDİYEKÖY,1,Avrupa2,91.29
76,BEYLİKDÜZÜ - BAKIRKÖY,76/BEYLİKDÜZÜ - BAKIRKÖY,1,Avrupa1,143.92
76A,KİPTAŞ VADİTEPE - YENİKAPI,76A/KİPTAŞ VADİTEPE - YENİKAPI,1,Avrupa1,157.01
76B,AVCILAR CİHANGİR MAHALLESİ - BAKIRKÖY,76B/AVCILAR CİHANGİR MAHALLESİ - BAKIRKÖY,1,Avrupa1,99.48
76BA,BÜYÜKÇEKMECE - AVCILAR METROBÜS,76BA/BÜYÜKÇEKMECE - AVCILAR METROBÜS,1,Avrupa1,75.4
76C,BÜYÜKÇEKMECE - BAKIRKÖY,76C/BÜYÜKÇEKMECE - BAKIRKÖY,1,Avrupa1,154.97
76D,BAHÇEŞEHİR / ESENKENT - TAKSİM,76D/BAHÇEŞEHİR / ESENKENT - TAKSİM,1,Avrupa1,194.72
76E,BOĞAZKÖY / BAHÇEŞEHİR - TAKSİM,76E/BOĞAZKÖY / BAHÇEŞEHİR - TAKSİM,1,Avrupa1,212.96
76G,GÜRPINAR - AVCILAR METROBÜS,76G/GÜRPINAR - AVCILAR METROBÜS,1,Avrupa1,138.2
76GM,GÜRPINAR-TÜYAP METROBÜS,76GM/GÜRPINAR-TÜYAP METROBÜS,1,Avrupa1,55.28
76O,AVCILAR CİHANGİR MAHALLESİ - OTOGAR,76O/AVCILAR CİHANGİR MAHALLESİ - OTOGAR,1,Avrupa1,166.01
76T,ISPARTAKULE BİZİMEVLER - TAKSİM,76T/ISPARTAKULE BİZİMEVLER - TAKSİM,1,Avrupa1,162.12
76TM,TEPEKENT - AVCILAR METROBÜS,76TM/TEPEKENT - AVCILAR METROBÜS,1,Avrupa1,154.38
76V,KİPTAŞ VADİTEPE - BAKIRKÖY,76V/KİPTAŞ VADİTEPE - BAKIRKÖY,1,Avrupa1,168.66
76Y,İHLAS MARMARA EVLERİ - BAKIRKÖY,76Y/İHLAS MARMARA EVLERİ - BAKIRKÖY,1,Avrupa1,148.4
77,YENİKAPI-ŞİŞLİ,77/YENİKAPI-ŞİŞLİ,1,Avrupa2,63.22
77A,VEZNECİLER-ŞİŞLİ,77A/VEZNECİLER-ŞİŞLİ,1,Avrupa2,50.69
77Ç,ÇIKSALIN - EMİNÖNÜ,77Ç/ÇIKSALIN - EMİNÖNÜ,1,Avrupa3,35.63
78,METROKENT - EMİNÖNÜ,78/METROKENT - EMİNÖNÜ,1,Avrupa1,150.09
78B,FENERTEPE PERON/BAŞAKŞEHİR - YENİBOSNA METRO,78B/FENERTEPE PERON/BAŞAKŞEHİR - YENİBOSNA METRO,1,Avrupa1,128.05
78C,YUNUS EMRE MAHALLESİ - FENERTEPE,78C/YUNUS EMRE MAHALLESİ - FENERTEPE,1,Avrupa2,137.28
78E,FENERTEPE PERON/BAŞAKŞEHİR - KAYABAŞI KİPTAŞ,78E/FENERTEPE PERON/BAŞAKŞEHİR - KAYABAŞI KİPTAŞ,1,Avrupa1,155.34
78F,FENERTEPE - BAŞAKŞEHİR - METROKENT,78F/FENERTEPE - BAŞAKŞEHİR - METROKENT,1,Avrupa1,188.94
78G,FENERTEPE PERON/BAŞAKŞEHİR - KAYAŞEHİR,78G/FENERTEPE PERON/BAŞAKŞEHİR - KAYAŞEHİR,1,Avrupa1,144.6
78H,FENERTEPE PERON/BAŞAKŞEHİR - EMİNÖNÜ,78H/FENERTEPE PERON/BAŞAKŞEHİR - EMİNÖNÜ,1,Avrupa1,163.11
78Ş,FENERTEPE PERON/BAŞAKŞEHİR - ŞAHİNTEPE,78Ş/FENERTEPE PERON/BAŞAKŞEHİR - ŞAHİNTEPE,1,Avrupa1,131.28
78ZB,FENERTEPE PERON/BAŞAKŞEHİR - ZEYTİNBURNU,78ZB/FENERTEPE PERON/BAŞAKŞEHİR - ZEYTİNBURNU,1,Avrupa1,189.25
79B,KAYAŞEHİR - BAKIRKÖY,79B/KAYAŞEHİR - BAKIRKÖY,1,Avrupa1,178.59
79C,KAYAŞEHİR - CEBECİ MAHALLESİ,79C/KAYAŞEHİR - CEBECİ MAHALLESİ,1,Avrupa1,134.23
79E,KAYABAŞI KİPTAŞ / KAYAŞEHİR - EMİNÖNÜ,79E/KAYABAŞI KİPTAŞ / KAYAŞEHİR - EMİNÖNÜ,1,Avrupa1,198.53
79F,KAYAŞEHİR - YENİBOSNA METRO,79F/KAYAŞEHİR - YENİBOSNA METRO,1,Avrupa1,192.53
79FY,FENERTEPE-YENİBOSNA METRO,79FY/FENERTEPE-YENİBOSNA METRO,1,Avrupa1,141.57
79G,KAYAŞEHİR - ZEYTİNBURNU,79G/KAYAŞEHİR - ZEYTİNBURNU,1,Avrupa1,154.5
79GE,GÜVERCİNTEPE/FENERTEPE-EMİNÖNÜ,79GE/GÜVERCİNTEPE/FENERTEPE-EMİNÖNÜ,1,Avrupa1,196
79K,KAYAŞEHİR - YENİBOSNA METRO,79K/KAYAŞEHİR - YENİBOSNA METRO,1,Avrupa1,122.83
79KM,KAYAŞEHİR - MECİDİYEKÖY,79KM/KAYAŞEHİR - MECİDİYEKÖY,1,Avrupa1,198.37
79KT,KAYABAŞI KİPTAŞ - TEKSTİLKENT METRO,79KT/KAYABAŞI KİPTAŞ - TEKSTİLKENT METRO,1,Avrupa1,135.02
79Ş,ŞAHİNTEPE - TOPKAPI,79Ş/ŞAHİNTEPE - TOPKAPI,1,Avrupa1,149.6
79T,KAYABAŞI KİPTAŞ - TAKSİM,79T/KAYABAŞI KİPTAŞ - TAKSİM,1,Avrupa1,204.3
79Y,KAYABAŞI KİPTAŞ / KAYAŞEHİR - YENİBOSNA METRO,79Y/KAYABAŞI KİPTAŞ / KAYAŞEHİR - YENİBOSNA METRO,1,Avrupa1,132
8,VALİEVLERİ - KADIKÖY,8/VALİEVLERİ - KADIKÖY,1,Anadolu1,22.55
80,KAZLIÇEŞME - EMİNÖNÜ,80/KAZLIÇEŞME - EMİNÖNÜ,1,Avrupa2,47.27
80T,KAZLIÇEŞME - TAKSİM,80T/KAZLIÇEŞME - TAKSİM,1,Avrupa2,48.48
82,KUYUMCUKENT - EMİNÖNÜ,82/KUYUMCUKENT - EMİNÖNÜ,1,Avrupa1,87.37
82S,YENİBOSNA METRO - İKİTELLİ OSB/ METROKENT,82S/YENİBOSNA METRO - İKİTELLİ OSB/ METROKENT,1,Avrupa1,114.08
85C,DAVUTPAŞA YTÜ - KAZLIÇEŞME,85C/DAVUTPAŞA YTÜ - KAZLIÇEŞME,1,Avrupa2,48.08
85T,ESENLER METRO - TAKSİM,85T/ESENLER METRO - TAKSİM,1,Avrupa2,94.44
86V,EYÜPSULTAN - VEZNECİLER,86V/EYÜPSULTAN - VEZNECİLER,1,Avrupa3,32.75
87,TOPKAPI / EDİRNEKAPI - TAKSİM,87/TOPKAPI / EDİRNEKAPI - TAKSİM,1,Avrupa2,50.27
88,YUNUS EMRE MAHALLESİ - TOPKAPI,88/YUNUS EMRE MAHALLESİ - TOPKAPI,1,Avrupa2,72.35
88A,YUNUS EMRE MAHALLESİ - YENİKAPI,88A/YUNUS EMRE MAHALLESİ - YENİKAPI,1,Avrupa2,88
89,K.S.S. HASTANESİ/ATAKENT-AKSARAY,89/K.S.S. HASTANESİ/ATAKENT-AKSARAY,1,Avrupa1,159.5
89A,K.S.S. HASTANESİ - ZEYTİNBURNU,89A/K.S.S. HASTANESİ - ZEYTİNBURNU,1,Avrupa1,126.65
89B,KÜÇÜKÇEKMECE - AKSARAY,89B/KÜÇÜKÇEKMECE - AKSARAY,1,Avrupa1,90.5
89BS,BEZİRGANBAHÇE TOKİ-SEFAKÖY METROBÜS,89BS/BEZİRGANBAHÇE TOKİ-SEFAKÖY METROBÜS,1,Avrupa1,23.01
89C,METROKENT-TAKSİM,89C/METROKENT-TAKSİM,1,Avrupa1,174.38
89F,KÜÇÜKÇEKMECE-İSTOÇ,89F/KÜÇÜKÇEKMECE-İSTOÇ,1,Avrupa1,88.06
89K,K.S.S. HASTANESİ - AKSARAY,89K/K.S.S. HASTANESİ - AKSARAY,1,Avrupa1,124.27
89M,MEHMET AKİF MAHALLESİ - ZEYTİNBURNU,89M/MEHMET AKİF MAHALLESİ - ZEYTİNBURNU,1,Avrupa1,96.08
89S,SÖĞÜTLÜÇEŞME - ZEYTİNBURNU,89S/SÖĞÜTLÜÇEŞME - ZEYTİNBURNU,1,Avrupa1,74
89T,K.S.S. HASTANESİ/ATAKENT-TAKSİM,89T/K.S.S. HASTANESİ/ATAKENT-TAKSİM,1,Avrupa1,181.7
89YB,K.S.S. HASTANESİ/ATAKENT - BAKIRKÖY,89YB/K.S.S. HASTANESİ/ATAKENT - BAKIRKÖY,1,Avrupa1,124.64
8A,BATI ATAŞEHİR / FİKİRTEPE - KADIKÖY,8A/BATI ATAŞEHİR / FİKİRTEPE - KADIKÖY,1,Anadolu1,58.66
8E,ESENEVLER - KADIKÖY,8E/ESENEVLER - KADIKÖY,1,Anadolu1,58.55
8K,TEPEÜSTÜ - ATAŞEHİR / KOZYATAĞI METRO,8K/TEPEÜSTÜ - ATAŞEHİR / KOZYATAĞI METRO,1,Anadolu1,85.43
8Y,SOYAK YENİŞEHİR - YENİSAHRA METRO,8Y/SOYAK YENİŞEHİR - YENİSAHRA METRO,1,Anadolu1,49.17
9,ADEM YAVUZ MAHALLESİ - ÜSKÜDAR,9/ADEM YAVUZ MAHALLESİ - ÜSKÜDAR,1,Anadolu1,107.99
90,DRAMAN - EMİNÖNÜ,90/DRAMAN - EMİNÖNÜ,1,Avrupa2,25.99
90B,DRAMAN - AKSARAY,90B/DRAMAN - AKSARAY,1,Avrupa2,16.31
91E,GÖZTEPE MAHALLESİ - AKSARAY,91E/GÖZTEPE MAHALLESİ - AKSARAY,1,Avrupa1,61.08
91M,FATİH MAHALLESİ YANYOL- MECİDİYEKÖY METROBÜS,91M/FATİH MAHALLESİ YANYOL- MECİDİYEKÖY METROBÜS,1,Avrupa1,71.33
92,YENİ MAHALLE METRO - EMİNÖNÜ,92/YENİ MAHALLE METRO - EMİNÖNÜ,1,Avrupa1,98.16
92B,YENİ MAHALLE METRO / ATEŞTUĞLA - AKSARAY,92B/YENİ MAHALLE METRO / ATEŞTUĞLA - AKSARAY,1,Avrupa1,75.15
92C,HAZNEDAR - EMİNÖNÜ,92C/HAZNEDAR - EMİNÖNÜ,1,Avrupa1,83.38
92K,YENİ MAHALLE METRO / KİRAZLI - AKSARAY,92K/YENİ MAHALLE METRO / KİRAZLI - AKSARAY,1,Avrupa1,79.76
92M,BAĞCILAR DEVLET HASTANESİ - MECİDİYEKÖY,92M/BAĞCILAR DEVLET HASTANESİ - MECİDİYEKÖY,1,Avrupa1,105.38
92Ş,YENİ MAHALLE METRO - MECİDİYEKÖY,92Ş/YENİ MAHALLE METRO - MECİDİYEKÖY,1,Avrupa1,100.43
92T,BAĞCILAR DEVLET HASTANESİ - TAKSİM,92T/BAĞCILAR DEVLET HASTANESİ - TAKSİM,1,Avrupa1,96.5
93,ZEYTİNBURNU - EMİNÖNÜ,93/ZEYTİNBURNU - EMİNÖNÜ,1,Avrupa2,77.68
93C,ZEYTİNBURNU - AKSARAY,93C/ZEYTİNBURNU - AKSARAY,1,Avrupa2,58.14
93M,ZEYTİNBURNU - MECİDİYEKÖY,93M/ZEYTİNBURNU - MECİDİYEKÖY,1,Avrupa2,96.9
93T,ZEYTİNBURNU - TAKSİM,93T/ZEYTİNBURNU - TAKSİM,1,Avrupa2,88.14
94A,BAKIRKÖY - AKSARAY,94A/BAKIRKÖY - AKSARAY,1,Avrupa1,47.94
94Y,YEŞİLPINAR - BAKIRKÖY,94Y/YEŞİLPINAR - BAKIRKÖY,1,Avrupa3,110.54
97,15 TEMMUZ MAHALLESİ - AKSARAY,97/15 TEMMUZ MAHALLESİ - AKSARAY,1,Avrupa1,86.07
97A,BASINSİTESİ - EMİNÖNÜ,97A/BASINSİTESİ - EMİNÖNÜ,1,Avrupa1,71.57
97BT,KOCASİNAN İTFAİYE-TAKSİM,97BT/KOCASİNAN İTFAİYE-TAKSİM,1,Avrupa1,91.82
97E,MAHMUTBEY / GÜNEŞLİ - KAZLIÇEŞME,97E/MAHMUTBEY / GÜNEŞLİ - KAZLIÇEŞME,1,Avrupa1,102.86
97G,YENİ MAHALLE METRO - AKSARAY,97G/YENİ MAHALLE METRO - AKSARAY,1,Avrupa1,77.44
97GE,15 TEMMUZ MAHALLESİ - EMİNÖNÜ,97GE/15 TEMMUZ MAHALLESİ - EMİNÖNÜ,1,Avrupa1,111.05
97KZ,KOCASİNAN - ZEYTİNBURNU,97KZ/KOCASİNAN - ZEYTİNBURNU,1,Avrupa1,72.91
97M,15 TEMMUZ MAHALLESİ - MECİDİYEKÖY,97M/15 TEMMUZ MAHALLESİ - MECİDİYEKÖY,1,Avrupa1,111.8
97T,BASINSİTESİ - TAKSİM,97T/BASINSİTESİ - TAKSİM,1,Avrupa1,84.4
98,FENERTEPE/BAŞAKŞEHİR - BAKIRKÖY,98/FENERTEPE/BAŞAKŞEHİR - BAKIRKÖY,1,Avrupa1,161.73
98A,GÖZTEPE MAHALLESİ - BAKIRKÖY,98A/GÖZTEPE MAHALLESİ - BAKIRKÖY,1,Avrupa1,77.91
98AB,ATAKENT/HALKALI - BAKIRKÖY,98AB/ATAKENT/HALKALI - BAKIRKÖY,1,Avrupa1,93.84
98B,KUYUMCUKENT - BAKIRKÖY,98B/KUYUMCUKENT - BAKIRKÖY,1,Avrupa1,51.81
98D,YENİ MAHALLE METRO - BAKIRKÖY,98D/YENİ MAHALLE METRO - BAKIRKÖY,1,Avrupa1,51.08
98E,GÜNEŞLİ BASIN TESİSLERİ - BAKIRKÖY,98E/GÜNEŞLİ BASIN TESİSLERİ - BAKIRKÖY,1,Avrupa1,72.61
98G,GİYİMKENT / TURGUTREİS - BAKIRKÖY,98G/GİYİMKENT / TURGUTREİS - BAKIRKÖY,1,Avrupa2,91.43
98H,METROKENT - BAKIRKÖY,98H/METROKENT - BAKIRKÖY,1,Avrupa1,147.64
98K,YENİ MAHALLE METRO / KİRAZLI - BAKIRKÖY,98K/YENİ MAHALLE METRO / KİRAZLI - BAKIRKÖY,1,Avrupa1,46.9
98KM,FENERTEPE - SEFAKOY METROBÜS,98KM/FENERTEPE - SEFAKOY METROBÜS,1,Avrupa1,135.97
98M,İSTOÇ - BAKIRKÖY,98M/İSTOÇ - BAKIRKÖY,1,Avrupa1,84.9
98MB,MEHMET AKİF MAHALLESİ - BAKIRKÖY,98MB/MEHMET AKİF MAHALLESİ - BAKIRKÖY,1,Avrupa1,89.18
98S,K.S.S. HASTANESİ - BAKIRKÖY,98S/K.S.S. HASTANESİ - BAKIRKÖY,1,Avrupa1,93.75
98T,K.S.S. HASTANESİ/ATAKENT-BAKIRKÖY,98T/K.S.S. HASTANESİ/ATAKENT-BAKIRKÖY,1,Avrupa1,142.87
98TB,FATİH MAHALLESİ - BAKIRKÖY,98TB/FATİH MAHALLESİ - BAKIRKÖY,1,Avrupa1,70.81
98Y,GİYİMKENT / YÜZYIL MAHALLESİ - BAKIRKÖY,98Y/GİYİMKENT / YÜZYIL MAHALLESİ - BAKIRKÖY,1,Avrupa2,72.84
99,AKŞEMSETTİN - EMİNÖNÜ,99/AKŞEMSETTİN - EMİNÖNÜ,1,Avrupa3,66.93
99A,GAZİOSMANPAŞA - EMİNÖNÜ,99A/GAZİOSMANPAŞA - EMİNÖNÜ,1,Avrupa2,37.54
99Y,YEŞİLPINAR - EMİNÖNÜ,99Y/YEŞİLPINAR - EMİNÖNÜ,1,Avrupa3,71.36
9A,ATAKENT - ÜSKÜDAR,9A/ATAKENT - ÜSKÜDAR,1,Anadolu1,80.01
9ÇN,ÇEKMEKÖY - NİŞANTEPE ,9ÇN/ÇEKMEKÖY - NİŞANTEPE,1,Anadolu2,112.38
9H,CUMHURİYETKÖY / HÜSEYİNLİ - ÇEKMEKÖY ,9H/CUMHURİYETKÖY / HÜSEYİNLİ - ÇEKMEKÖY,1,Anadolu2,180.69
9K,ATATÜRK MAH./ TAŞDELEN - KADIKÖY ,9K/ATATÜRK MAH./ TAŞDELEN - KADIKÖY,1,Anadolu2,154.99
9T,ŞAHİNBEY - ALTUNİZADE METROBÜS,9T/ŞAHİNBEY - ALTUNİZADE METROBÜS,1,Anadolu2,84.08
AND1A,ANADOLU1 / ANADOLU,AND1A/ANADOLU1 / ANADOLU,1,Anadolu1,10
AND2Y,ANADOLU2 DEPAR / YUNUS,AND2Y/ANADOLU2 DEPAR / YUNUS,1,Anadolu2,6.67
AVR1,AVRUPA 1 DEPAR / İKİTELLİ,AVR1/AVRUPA 1 DEPAR / İKİTELLİ,1,Avrupa1,6.67
AVR1A,AVRUPA 1 DEPAR / İKİTELLİ,AVR1A/AVRUPA 1 DEPAR / İKİTELLİ,1,Avrupa1,22.95
AVR2,AVRUPA 2 DEPAR / TOPKAPI,AVR2/AVRUPA 2 DEPAR / TOPKAPI,1,Avrupa2,6.67
AVR3,AVRUPA3 DEPAR,AVR3/AVRUPA3 DEPAR,1,Avrupa3,38.91
AVR3K,AVRUPA3 DEPAR / KAĞITHANE,AVR3K/AVRUPA3 DEPAR / KAĞITHANE,1,Avrupa3,12
BA-1,ÇARŞI-TEPEKÖY-KADIYORAN,BA-1/ÇARŞI-TEPEKÖY-KADIYORAN,1,Anadolu1,8.31
BA-2,ÇARŞI-MADEN-NİZAM,BA-2/ÇARŞI-MADEN-NİZAM,1,Anadolu1,16.12
BA-4,ÇINAR-KUMSAL-MADEN,BA-4/ÇINAR-KUMSAL-MADEN,1,Anadolu1,13.98
BA-5,ÇARŞI-NİZAM,BA-5/ÇARŞI-NİZAM,1,,12.81
BM4,KAVAKLI - AVCILAR METROBÜS,BM4/KAVAKLI - AVCILAR METROBÜS,1,Avrupa1,97.3
BN1,HALKALI - EMİNÖNÜ,BN1/HALKALI - EMİNÖNÜ,1,Avrupa1,162.75
BU-1,ÇARŞI-KALPAZANKAYA,BU-1/ÇARŞI-KALPAZANKAYA,1,Anadolu1,11.74
ÇM41,ÇEKMEKÖY-NECİP FAZIL METRO,ÇM41/ÇEKMEKÖY-NECİP FAZIL METRO,1,Anadolu2,34.87
ÇM42,ŞAHİNBEY - ÇEKMEKÖY METRO/ EMEK MAH.,ÇM42/ŞAHİNBEY - ÇEKMEKÖY METRO/ EMEK MAH.,1,Anadolu2,37.24
ÇM43,ATATÜRK MAHALLESİ-NECİP FAZIL METRO,ÇM43/ATATÜRK MAHALLESİ-NECİP FAZIL METRO,1,Anadolu2,49.04
ÇM44,NİŞANTEPE - ÇEKMEKÖY METRO/ PROF.DR. FERİHA ÖZ HAST.,ÇM44/NİŞANTEPE - ÇEKMEKÖY METRO/ PROF.DR. FERİHA ÖZ HAST.,1,Anadolu2,116.2
D2,BEŞİKTAŞ - BELGRAD ORMANI ,D2/BEŞİKTAŞ - BELGRAD ORMANI,1,Avrupa3,152.01
DT1,ORTAKÖY - TAKSİM,DT1/ORTAKÖY - TAKSİM,1,Avrupa3,46.37
DT2,ORTAKÖY - TAKSİM,DT2/ORTAKÖY - TAKSİM,1,Avrupa3,44.9
E-10,SABİHA GÖKÇEN HAVALİMANI / KURTKÖY - KADIKÖY,E-10/SABİHA GÖKÇEN HAVALİMANI / KURTKÖY - KADIKÖY,1,Anadolu2,173.05
E-11,SABİHA GÖKÇEN HAVALİMANI - KADIKÖY,E-11/SABİHA GÖKÇEN HAVALİMANI - KADIKÖY,1,Anadolu2,171.53
E-3,SABİHA GÖKÇEN HAVALİMANI - 4.LEVENT METRO,E-3/SABİHA GÖKÇEN HAVALİMANI - 4.LEVENT METRO,1,Anadolu2,238.67
E-57,ESENKENT BAHÇEŞEHİR - BAKIRKÖY,E-57/ESENKENT BAHÇEŞEHİR - BAKIRKÖY,1,Avrupa1,176.99
E-58,ESENKENT BAHÇEŞEHİR - MECİDİYEKÖY,E-58/ESENKENT BAHÇEŞEHİR - MECİDİYEKÖY,1,Avrupa1,194.53
E-9,SABİHA GÖKÇEN H.L.-BOSTANCI,E-9/SABİHA GÖKÇEN H.L.-BOSTANCI,1,Anadolu2,159.19
EC1,CİBALİ-EMİNÖNÜ,EC1/CİBALİ-EMİNÖNÜ,1,Avrupa2,10
EL2,EMİRGAN - 4.LEVENT METRO,EL2/EMİRGAN - 4.LEVENT METRO,1,Avrupa3,31.05
EM1,EMİNÖNÜ - KULAKSIZ,EM1/EMİNÖNÜ - KULAKSIZ,1,Avrupa3,36.9
EM2,EMİNÖNÜ - KULAKSIZ,EM2/EMİNÖNÜ - KULAKSIZ,1,Avrupa3,32.42
ER1,KADIKÖY - ERENKÖY,ER1/KADIKÖY - ERENKÖY,1,Anadolu1,34.63
ER2,KADIKÖY - ERENKÖY,ER2/KADIKÖY - ERENKÖY,1,Anadolu1,33.5
ES1,ESENYURT BELEDİYESİ - BEYLİKDÜZÜ DEVLET HASTANESİ,ES1/ESENYURT BELEDİYESİ - BEYLİKDÜZÜ DEVLET HASTANESİ,1,Avrupa1,71.21
ES2,TÜYAP / KIRAÇ - AKÇABURGAZ,ES2/TÜYAP / KIRAÇ - AKÇABURGAZ,1,Avrupa1,91.88
ES3,ESENYURT DEVLET HASTANESİ - HARAMİDERE,ES3/ESENYURT DEVLET HASTANESİ - HARAMİDERE,1,Avrupa1,66.5
F2,KARAKÖY-BEYOĞLU TÜNEL,F2/KARAKÖY-BEYOĞLU TÜNEL,1,Metrobüs,10
FB1,KADIKÖY - FENERBAHÇE,FB1/KADIKÖY - FENERBAHÇE,1,Anadolu1,26.24
FB2,KADIKÖY - FENERBAHÇE,FB2/KADIKÖY - FENERBAHÇE,1,Anadolu1,22.85
GZ1,KADIKÖY - GÖZTEPE,GZ1/KADIKÖY - GÖZTEPE,1,Anadolu1,27.93
GZ2,KADIKÖY - GÖZTEPE,GZ2/KADIKÖY - GÖZTEPE,1,Anadolu1,29.93
H-1,MAHMUTBEY METRO - İSTANBUL HAVALİMANI,H-1/MAHMUTBEY METRO - İSTANBUL HAVALİMANI,1,Avrupa1,195.7
H-2,MECİDİYEKÖY - İSTANBUL HAVALİMANI,H-2/MECİDİYEKÖY - İSTANBUL HAVALİMANI,1,Avrupa3,120
H-3,HALKALI MARMARAY - İSTANBUL HAVALİMANI,H-3/HALKALI MARMARAY - İSTANBUL HAVALİMANI,1,Avrupa1,218.15
H-6,YUNUS EMRE MAHALLESİ-İSTANBUL HAVALİMANI,H-6/YUNUS EMRE MAHALLESİ-İSTANBUL HAVALİMANI,1,Avrupa2,185.06
H-8,HACIOSMAN METRO-İSTANBUL HAVALİMANI,H-8/HACIOSMAN METRO-İSTANBUL HAVALİMANI,1,Avrupa3,262
H-9,CEVİZLİBAĞ - İSTANBUL HAVALİMANI,H-9/CEVİZLİBAĞ - İSTANBUL HAVALİMANI,1,Avrupa2,246.11
HA-1,ÇARŞI-AKÇAKOCA-İTFAİYE,HA-1/ÇARŞI-AKÇAKOCA-İTFAİYE,1,Anadolu1,10.06
HA-2,ÇARŞI-ÇAM LİMANI,HA-2/ÇARŞI-ÇAM LİMANI,1,Anadolu1,14.29
HM1,HACIOSMAN METRO - KOCATAŞ,HM1/HACIOSMAN METRO - KOCATAŞ,1,Avrupa3,38.37
HM2,KONAKLAR MAHALLESİ - 4.LEVENT METRO,HM2/KONAKLAR MAHALLESİ - 4.LEVENT METRO,1,Avrupa3,11.12
HM3,HÜRRİYET MAHALLESİ - ŞİŞLİ,HM3/HÜRRİYET MAHALLESİ - ŞİŞLİ,1,Avrupa3,13.02
HM4,LEVENT BASIN SİTESİ - ŞİŞLİ,HM4/LEVENT BASIN SİTESİ - ŞİŞLİ,1,Avrupa3,28.87
HS1,YENİBOSNA METRO - ŞEHİR HASTANESİ,HS1/YENİBOSNA METRO - ŞEHİR HASTANESİ,1,Avrupa1,95.74
HS2, AVCILAR METROBÜS - ŞEHİR HASTANESİ,HS2/AVCILAR METROBÜS - ŞEHİR HASTANESİ,1,Avrupa1,130.68
HT1,K.S.S. HASTANESİ - ÜÇYÜZLÜ METRO,HT1/K.S.S. HASTANESİ - ÜÇYÜZLÜ METRO,1,Avrupa1,101.65
HT10,BATIŞEHİR - YENİBOSNA METRO,HT10/BATIŞEHİR - YENİBOSNA METRO,1,Avrupa1,68.98
HT11,GİYİMKENT - KUYUMCUKENT,HT11/GİYİMKENT - KUYUMCUKENT,1,Avrupa2,93.97
HT12,GÜNEŞLİ BASIN TESİSLERİ - YENİBOSNA METRO,HT12/GÜNEŞLİ BASIN TESİSLERİ - YENİBOSNA METRO,1,Avrupa1,44.66
HT13,YENİ MAHALLE METRO - ZEYTİNBURNU,HT13/YENİ MAHALLE METRO - ZEYTİNBURNU,1,Avrupa1,54.74
HT18,HADIMKÖY/İ.Ü. CERRAHPAŞA KAMPÜSÜ - TÜYAP,HT18/HADIMKÖY/İ.Ü. CERRAHPAŞA KAMPÜSÜ - TÜYAP,1,Avrupa1,132.16
HT19,İ.Ü.CERRAHPAŞA KAMPÜSÜ - TÜYAP METROBÜS,HT19/İ.Ü.CERRAHPAŞA KAMPÜSÜ - TÜYAP METROBÜS,1,Avrupa1,52.97
HT20,ŞAHİNTEPE - YENİBOSNA METRO,HT20/ŞAHİNTEPE - YENİBOSNA METRO,1,Avrupa1,98.11
HT29,KIRAÇ - AVCILAR METROBÜS,HT29/KIRAÇ - AVCILAR METROBÜS,1,Avrupa1,79.7
HT48,TEPECİK KİPTAŞ KONUTLARI - AVCILAR METROBÜS,HT48/TEPECİK KİPTAŞ KONUTLARI - AVCILAR METROBÜS,1,Avrupa1,138.1
HT5,KOCATEPE METRO-NUR SİTESİ,HT5/KOCATEPE METRO-NUR SİTESİ,1,Avrupa2,57.08
HT6,BATIŞEHİR-KOCATEPE METRO,HT6/BATIŞEHİR-KOCATEPE METRO,1,Avrupa2,47.52
KA-1,ÇARŞI-NARÇİÇEĞİ,KA-1/ÇARŞI-NARÇİÇEĞİ,1,Anadolu1,10.32
KÇ2,K.S.S.HASTANESİ - YENİBOSNA METRO,KÇ2/K.S.S.HASTANESİ - YENİBOSNA METRO,1,Avrupa1,77.74
KM10,AYDINLI TOKİ / İÇMELER - PENDİK METRO/YHT - KARTAL,KM10/AYDINLI TOKİ / İÇMELER - PENDİK METRO/YHT - KARTAL,1,Anadolu2,101.95
KM11,AYDINLI TOKİ / A.YESEVİ - PENDİK KÖPRÜSÜ,KM11/AYDINLI TOKİ / A.YESEVİ - PENDİK KÖPRÜSÜ,1,Anadolu2,59.7
KM12,TUZLA DENİZ HARP OKULU - KARTAL METRO,KM12/TUZLA DENİZ HARP OKULU - KARTAL METRO,1,Anadolu2,105.85
KM13,TUZLA - PENDİK METRO/ YHT / PENDİK,KM13/TUZLA - PENDİK METRO/ YHT / PENDİK,1,Anadolu2,107.91
KM14,AHMET YESEVİ - TAVŞANTEPE METRO/ YENİŞEHİR,KM14/AHMET YESEVİ - TAVŞANTEPE METRO/ YENİŞEHİR,1,Anadolu2,127.27
KM15,YENİŞEHİR-PENDİK METRO,KM15/YENİŞEHİR-PENDİK METRO,1,Anadolu2,70.28
KM17,TUZLA EMLAK KONUTLARI-TAVŞANTEPE METRO,KM17/TUZLA EMLAK KONUTLARI-TAVŞANTEPE METRO,1,Anadolu2,49.3
KM18,SABANCI ÜNİ./MEDENİYET ÜNİ. - PENDİK METRO/KARTAL,KM18/SABANCI ÜNİ./MEDENİYET ÜNİ. - PENDİK METRO/KARTAL,1,Anadolu2,133.92
KM2,KAVAKPINAR-TAVŞANTEPE METRO,KM2/KAVAKPINAR-TAVŞANTEPE METRO,1,Anadolu2,31.26
KM21,HİLAL KONUTLARI - KARTAL METRO / CEVİZLİ,KM21/HİLAL KONUTLARI - KARTAL METRO / CEVİZLİ,1,Anadolu2,87.17
KM23,KAVAKPINAR / MARMARA HST. - KARTAL METRO / CEVİZLİ,KM23/KAVAKPINAR / MARMARA HST. - KARTAL METRO / CEVİZLİ,1,Anadolu2,96.46
KM24,KAVAKPINAR - PENDİK METRO/YHT/PENDİK,KM24/KAVAKPINAR - PENDİK METRO/YHT/PENDİK,1,Anadolu2,68.86
KM25,YENİŞEHİR - KARTAL METRO / CEVİZLİ ,KM25/YENİŞEHİR - KARTAL METRO / CEVİZLİ,1,Anadolu2,126.69
KM26,ÇAMLIK MAHALLESİ - PENDİK METRO/ YHT / PENDİK,KM26/ÇAMLIK MAHALLESİ - PENDİK METRO/ YHT / PENDİK,1,Anadolu2,93.13
KM27,YENİŞEHİR - PENDİK METRO/ YHT / PENDİK,KM27/YENİŞEHİR - PENDİK METRO/ YHT / PENDİK,1,Anadolu2,100.41
KM28,OKAN ÜNİVERSİTESİ -  PENDİK METRO/ YHT - KARTAL,KM28/OKAN ÜNİVERSİTESİ -  PENDİK METRO/ YHT - KARTAL,1,Anadolu2,133.01
KM29,YENİŞEHİR/MARMARA Ü. HAST. - KARTAL METRO/CEVİZLİ,KM29/YENİŞEHİR/MARMARA Ü. HAST. - KARTAL METRO/CEVİZLİ,1,Anadolu2,115.51
KM3,UĞURMUMCU-YAKACIK METRO/ PENDİK,KM3/UĞURMUMCU-YAKACIK METRO/ PENDİK,1,Anadolu2,71.5
KM30,KARTAL / ATALAR - ESENKENT METRO,KM30/KARTAL / ATALAR - ESENKENT METRO,1,Anadolu2,39.85
KM31,UĞURMUMCU - KARTAL,KM31/UĞURMUMCU - KARTAL,1,Anadolu2,54.83
KM32,KURFALI - KARTAL METRO / KARTAL,KM32/KURFALI - KARTAL METRO / KARTAL,1,Anadolu2,42.81
KM33,PENDİK SAHİL/ YHT - ESENKENT METRO,KM33/PENDİK SAHİL/ YHT - ESENKENT METRO,1,Anadolu2,77.28
KM34,KARTAL METRO-TOPSELVİ/GÜLSUYU METRO,KM34/KARTAL METRO-TOPSELVİ/GÜLSUYU METRO,1,Anadolu2,73.41
KM35,UĞURMUMCU-CEVİZLİ,KM35/UĞURMUMCU-CEVİZLİ,1,Anadolu2,64.48
KM36,KURFALI MAHALLESİ-CEVİZLİ,KM36/KURFALI MAHALLESİ-CEVİZLİ,1,Anadolu2,50.59
KM37,HİLAL KONUTLARI-PENDİK METRO/YHT/PENDİK,KM37/HİLAL KONUTLARI-PENDİK METRO/YHT/PENDİK,1,Anadolu2,87.68
KM41,BAŞIBÜYÜK SAĞLIK KAMPÜSÜ - KÜÇÜKYALI METRO - MARMARA ÜNİV.,KM41/BAŞIBÜYÜK SAĞLIK KAMPÜSÜ - KÜÇÜKYALI METRO - MARMARA ÜNİV.,1,Anadolu1,34.92
KM42,BAŞIBÜYÜK - SÜREYYAPAŞA HASTANESİ/ MALTEPE,KM42/BAŞIBÜYÜK - SÜREYYAPAŞA HASTANESİ/ MALTEPE,1,Anadolu1,32.46
KM43,MALTEPE ÜNİVERSİTESİ - ZÜMRÜTEVLER/ MALTEPE,KM43/MALTEPE ÜNİVERSİTESİ - ZÜMRÜTEVLER/ MALTEPE,1,Anadolu1,58.85
KM44,MALTEPE ÜNİVERSİTESİ - SİTELER - MALTEPE,KM44/MALTEPE ÜNİVERSİTESİ - SİTELER - MALTEPE,1,Anadolu1,63.71
KM45,MALTEPE ÜNİVERSİTESİ - KÜÇÜKYALI METRO,KM45/MALTEPE ÜNİVERSİTESİ - KÜÇÜKYALI METRO,1,Anadolu1,48.61
KM46,BATI ATAŞEHİR - KOZYATAĞI METRO,KM46/BATI ATAŞEHİR - KOZYATAĞI METRO,1,Anadolu1,54.28
KM47,GÜLENSU MAHALLESİ-HUZUREVİ METRO,KM47/GÜLENSU MAHALLESİ-HUZUREVİ METRO,1,Anadolu1,22.51
KM48,ESENKENT-HUZUREVİ METRO,KM48/ESENKENT-HUZUREVİ METRO,1,Anadolu1,28.81
KM60,VEYSEL KARANİ - KARTAL METRO / CEVİZLİ,KM60/VEYSEL KARANİ - KARTAL METRO / CEVİZLİ,1,Anadolu2,86.65
KM70,SULTANBEYLİ - KARTAL METRO / CEVİZLİ,KM70/SULTANBEYLİ - KARTAL METRO / CEVİZLİ,1,Anadolu2,122.25
KM71,YENİDOĞAN PERONLAR/ ADİL MAH. - CEVİZLİ,KM71/YENİDOĞAN PERONLAR/ ADİL MAH. - CEVİZLİ,1,Anadolu2,134.97
KM72,PENDİK/PENDİK METRO/ YHT - SULTANBEYLİ DEVLET HAST.,KM72/PENDİK/PENDİK METRO/ YHT - SULTANBEYLİ DEVLET HAST.,1,Anadolu2,122.63
MK1,METROKENT - ŞEHİR HASTANESİ,MK1/METROKENT - ŞEHİR HASTANESİ,1,Avrupa1,41.51
MK11,OLİMPİYATKÖY METRO - KAYAŞEHİR - GÜVERCİNTEPE,MK11/OLİMPİYATKÖY METRO - KAYAŞEHİR - GÜVERCİNTEPE,1,Avrupa1,48.55
MK12,OLİMPİYATKÖY METRO - GÜVERCİNTEPE - KAYAŞEHİR ,MK12/OLİMPİYATKÖY METRO - GÜVERCİNTEPE - KAYAŞEHİR,1,Avrupa1,46.79
MK13,ŞAHİNTEPE - OLİMPİYATKÖY METRO,MK13/ŞAHİNTEPE - OLİMPİYATKÖY METRO,1,Avrupa1,47.7
MK14,KİPTAŞ VADİTEPE - OLİMPİYATKÖY METRO,MK14/KİPTAŞ VADİTEPE - OLİMPİYATKÖY METRO,1,Avrupa1,92.3
MK15,BOĞAZKÖY / BAHÇEŞEHİR - OLİMPİYATKÖY METRO,MK15/BOĞAZKÖY / BAHÇEŞEHİR - OLİMPİYATKÖY METRO,1,Avrupa1,98.9
MK16,OLİMPİYATKÖY METRO - K.ÇEKMECE METROBÜS,MK16/OLİMPİYATKÖY METRO - K.ÇEKMECE METROBÜS,1,Avrupa1,96
MK19,AYAZMA SİTELERİ-ARENAPARK,MK19/AYAZMA SİTELERİ-ARENAPARK,1,Avrupa1,27.97
MK2,OLİMPİYATKÖY METRO - ŞEHİR HASTANESİ,MK2/OLİMPİYATKÖY METRO - ŞEHİR HASTANESİ,1,Avrupa1,20.19
MK22,TAŞOLUK PERON - METROKENT,MK22/TAŞOLUK PERON - METROKENT,1,Avrupa2,129
MK31,K.S.S HASTANESİ-BAŞAKŞEHİR/FENERTEPE PERON,MK31/K.S.S HASTANESİ-BAŞAKŞEHİR/FENERTEPE PERON,1,Avrupa1,142.07
MK42,15 TEMMUZ MAHALLESİ - KİRAZLI METRO,MK42/15 TEMMUZ MAHALLESİ - KİRAZLI METRO,1,Avrupa1,19.17
MK49,YUNUS EMRE MAHALLESİ - KAZIM KARABEKİR METRO,MK49/YUNUS EMRE MAHALLESİ - KAZIM KARABEKİR METRO,1,Avrupa2,24.88
MK53,YUNUSEMRE-ESENTEPE-TEKSTİLKENT METRO,MK53/YUNUSEMRE-ESENTEPE-TEKSTİLKENT METRO,1,Avrupa2,37.39
MK97,ÇAVUŞPAŞA-ZEYTİNBURNU,MK97/ÇAVUŞPAŞA-ZEYTİNBURNU,1,Avrupa1,51.21
MR10,ZEYTİNBURNU - KAZLIÇEŞME,MR10/ZEYTİNBURNU - KAZLIÇEŞME,1,Avrupa2,25.18
MR11,KAZLIÇEŞME - TOPKAPI,MR11/KAZLIÇEŞME - TOPKAPI,1,Avrupa2,30.37
MR20,YENİBOSNA METRO - KAZLIÇEŞME,MR20/YENİBOSNA METRO - KAZLIÇEŞME,1,Avrupa1,49.01
MR40,K.S.S. HASTANESİ - ATAKENT - HALKALI MARMARAY,MR40/K.S.S. HASTANESİ - ATAKENT - HALKALI MARMARAY,1,Avrupa1,61.79
MR42,HALKALI MARMARAY - İNÖNÜ MAHALLESİ,MR42/HALKALI MARMARAY - İNÖNÜ MAHALLESİ,1,Avrupa1,43.11
MR50,HALKALI MARMARAY - ŞEHİR HASTANESİ,MR50/HALKALI MARMARAY - ŞEHİR HASTANESİ,1,Avrupa1,84.04
MR51,İ.Ü. CERRAHPAŞA KAMPÜSÜ/BAHÇEŞEHİR - HALKALI MARMARAY,MR51/İ.Ü. CERRAHPAŞA KAMPÜSÜ/BAHÇEŞEHİR - HALKALI MARMARAY,1,Avrupa1,148.94
MR60,PENDİK/PENDİK YHT-SABİHA GÖKÇEN HAVALİMANI,MR60/PENDİK/PENDİK YHT-SABİHA GÖKÇEN HAVALİMANI,1,Anadolu2,100.71
MR61,GÜZELYALI-TUZLA DEVLET HASTANESİ,MR61/GÜZELYALI-TUZLA DEVLET HASTANESİ,1,Anadolu2,41.01
MR9,ÇAMLIK - AYRILIKÇEŞME,MR9/ÇAMLIK - AYRILIKÇEŞME,1,Anadolu2,108.42
SG-1,KADIKÖY - SABİHA GÖKÇEN HAVALİMANI,SG-1/KADIKÖY - SABİHA GÖKÇEN HAVALİMANI,1,Anadolu2,173.2
SG-2,TAKSİM - SABİHA GÖKÇEN HAVALİMANI,SG-2/TAKSİM - SABİHA GÖKÇEN HAVALİMANI,1,Anadolu2,225.13
T2,TAKSİM - TÜNEL,T2/TAKSİM - TÜNEL,1,Avrupa3,9.45
U1,BEŞİKTAŞ-ULUS,U1/BEŞİKTAŞ-ULUS,1,Avrupa3,26.39
U2,BEŞİKTAŞ-ULUS,U2/BEŞİKTAŞ-ULUS,1,Avrupa3,25.45
UM11,KİRAZLITEPE-KISIKLI METRO-ESATPAŞA,UM11/KİRAZLITEPE-KISIKLI METRO-ESATPAŞA,1,Anadolu1,44.35
UM13,KÜÇÜKSU / YAVUZTÜRK MAHALLESİ - ÜMRANİYE EĞT.ARŞ.HST.,UM13/KÜÇÜKSU / YAVUZTÜRK MAHALLESİ - ÜMRANİYE EĞT.ARŞ.HST.,1,Anadolu1,52.64
UM40,ATATÜRK MAH./ TAŞDELEN - NECİP FAZIL METRO,UM40/ATATÜRK MAH./ TAŞDELEN - NECİP FAZIL METRO,1,Anadolu2,55.28
UM60,SANCAKTEPE - NECİP FAZIL METRO,UM60/SANCAKTEPE - NECİP FAZIL METRO,1,Anadolu2,74.42
UM61,PAŞAKÖY/YENİDOĞAN-NECİP FAZIL METRO,UM61/PAŞAKÖY/YENİDOĞAN-NECİP FAZIL METRO,1,Anadolu2,55.16
UM62,YENİDOĞAN/TAŞDELEN-NECİP FAZIL METRO,UM62/YENİDOĞAN/TAŞDELEN-NECİP FAZIL METRO,1,Anadolu2,55.37
UM73,SULTANBEYLİ-NECİP FAZIL METRO,UM73/SULTANBEYLİ-NECİP FAZIL METRO,1,Anadolu2,107.41
